case_id,created_at,system_name,category,plant,device,title,description,reporter
INC-20260427-1001,2026-04-27 09:01:00,ees,PM保養,Fab 12B,General,PM 保養工單結案失敗,機台完成年度 PM 後，於 EES 點選完工無法同步更新狀態,李副理
INC-20260427-1002,2026-04-27 18:47:00,ees,PM保養,Fab 15,Tool-13,PM 保養工單結案失敗,機台完成年度 PM 後，於 EES 點選完工無法同步更新狀態,陳技術員
INC-20260427-1003,2026-04-27 11:14:00,ees,帳號與權限,Fab 15,General,權限開通申請,廠端新進作業員申請基礎檢視權限,林工程師
INC-20260427-1004,2026-04-27 15:37:00,tcs/tap,報表與查詢,Fab 12A,Tool-30,搬運歷史紀錄匯出,工程師申請匯出昨日 OHT 搬運統計報表,李副理
INC-20260427-1005,2026-04-27 13:17:00,fdc,感測器異常,Fab 12B,Tool-53,Sensor 取樣頻率異常,偵測到單一 Sensor SVID 採樣週期跳動，已通知設備檢查,張組長
INC-20260427-1006,2026-04-27 09:24:00,fdc,模型維護,Fab 14A,Tool-87,模型微調通知,例行性 FDC 演算法閾值微調驗證,陳技術員
INC-20260427-1007,2026-04-27 19:29:00,others,帳號與權限,Fab 14B,General,新帳號權限開通,廠端新進作業員申請基礎檢視權限,陳技術員
INC-20260428-1008,2026-04-28 17:56:00,ees,PM保養,Fab 15,General,PM 保養工單結案失敗,機台完成年度 PM 後，於 EES 點選完工無法同步更新狀態,黃專員
INC-20260428-1009,2026-04-28 08:42:00,ees,PM保養,Fab 14A,Tool-39,PM 保養工單結案失敗,機台完成年度 PM 後，於 EES 點選完工無法同步更新狀態,王作業員
INC-20260428-1010,2026-04-28 14:17:00,ees,零件壽命,Fab 18,Tool-30,Parts 壽命計數未重置,更換消耗性零件後，EES 介面仍顯示壽命過期警告,趙技術員
INC-20260428-1011,2026-04-28 11:42:00,tcs/tap,設備通訊,Fab 18,Tool-92,Load Port 載入訊號延遲,OHT 天車放置晶圓盒後，TAP 交握訊號延遲約 10 秒,李副理
INC-20260428-1012,2026-04-28 17:40:00,tcs/tap,系統效能,Fab 15,Tool-30,主機回應微幅延遲,尖峰排程時段 TCS 主機反應時間稍有波動,張組長
INC-20260428-1013,2026-04-28 12:59:00,fdc,感測器異常,Fab 18,General,Sensor 取樣頻率異常,偵測到單一 Sensor SVID 採樣週期跳動，已通知設備檢查,王作業員
INC-20260428-1014,2026-04-28 11:52:00,fdc,腔體警報,Fab 14A,Tool-18,腔體壓力單點警報,腔體即時壓力短暫碰觸 UCL 邊界，隨後恢復正常,林工程師
INC-20260428-1015,2026-04-28 19:20:00,others,帳號與權限,Fab 18,Tool-92,新帳號權限開通,廠端新進作業員申請基礎檢視權限,王作業員
INC-20260428-1016,2026-04-28 10:16:00,others,帳號與權限,Fab 12B,Tool-78,新帳號權限開通,廠端新進作業員申請基礎檢視權限,張組長
INC-20260428-1017,2026-04-28 19:37:00,others,帳號與權限,Fab 15,General,密碼重設申請,工程師忘記密碼導致帳號被鎖定,劉工程師
INC-20260429-1018,2026-04-29 16:31:00,ees,配方管理,Fab 12A,Tool-29,Recipe 參數上傳逾時,設備工程師修改參數後上傳 EES 主機回應逾時,陳技術員
INC-20260429-1019,2026-04-29 14:38:00,tcs/tap,系統效能,Fab 14B,General,主機回應微幅延遲,尖峰排程時段 TCS 主機反應時間稍有波動,陳技術員
INC-20260429-1020,2026-04-29 16:16:00,tcs/tap,帳號與權限,Fab 18,Tool-97,操作員權限異動,作業員請假交接，暫時調整 TAP 機台控制權限,林工程師
INC-20260429-1021,2026-04-29 20:17:00,tcs/tap,派工作業,Fab 12A,General,單一機台派工等待,機台換批時派工佇列稍有延遲，重整後已正常,黃專員
INC-20260429-1022,2026-04-29 08:46:00,fdc,感測器異常,Fab 15,Tool-74,Sensor 取樣頻率異常,偵測到單一 Sensor SVID 採樣週期跳動，已通知設備檢查,李副理
INC-20260429-1023,2026-04-29 18:19:00,fdc,腔體警報,Fab 12B,General,腔體壓力單點警報,腔體即時壓力短暫碰觸 UCL 邊界，隨後恢復正常,王作業員
INC-20260429-1024,2026-04-29 20:59:00,others,帳號與權限,Fab 15,General,密碼重設申請,工程師忘記密碼導致帳號被鎖定,林工程師
INC-20260429-1025,2026-04-29 09:59:00,others,帳號與權限,Fab 14A,General,密碼重設申請,工程師忘記密碼導致帳號被鎖定,黃專員
INC-20260429-1026,2026-04-29 17:05:00,others,週邊設備,Fab 18,Tool-18,印表機連線異常,標籤列印機無法收到網路列印指令,陳技術員
INC-20260430-1027,2026-04-30 10:42:00,ees,帳號與權限,Fab 15,General,權限開通申請,廠端新進作業員申請基礎檢視權限,趙技術員
INC-20260430-1028,2026-04-30 16:48:00,tcs/tap,報表與查詢,Fab 18,General,搬運歷史紀錄匯出,工程師申請匯出昨日 OHT 搬運統計報表,王作業員
INC-20260430-1029,2026-04-30 13:28:00,fdc,感測器異常,Fab 12A,General,Sensor 取樣頻率異常,偵測到單一 Sensor SVID 採樣週期跳動，已通知設備檢查,趙技術員
INC-20260430-1030,2026-04-30 13:01:00,fdc,感測器異常,Fab 15,General,Sensor 取樣頻率異常,偵測到單一 Sensor SVID 採樣週期跳動，已通知設備檢查,王作業員
INC-20260430-1031,2026-04-30 19:40:00,fdc,感測器異常,Fab 12B,General,Sensor 取樣頻率異常,偵測到單一 Sensor SVID 採樣週期跳動，已通知設備檢查,林工程師
INC-20260430-1032,2026-04-30 09:32:00,others,週邊設備,Fab 14A,Tool-37,印表機連線異常,標籤列印機無法收到網路列印指令,王作業員
INC-20260430-1033,2026-04-30 10:46:00,others,帳號與權限,Fab 12B,Tool-62,密碼重設申請,工程師忘記密碼導致帳號被鎖定,趙技術員
INC-20260501-1034,2026-05-01 09:42:00,ees,PM保養,Fab 14A,Tool-69,PM 保養工單結案失敗,機台完成年度 PM 後，於 EES 點選完工無法同步更新狀態,劉工程師
INC-20260501-1035,2026-05-01 18:41:00,tcs/tap,設備通訊,Fab 12A,Tool-53,Load Port 載入訊號延遲,OHT 天車放置晶圓盒後，TAP 交握訊號延遲約 10 秒,陳技術員
INC-20260501-1036,2026-05-01 11:12:00,tcs/tap,派工作業,Fab 15,Tool-64,單一機台派工等待,機台換批時派工佇列稍有延遲，重整後已正常,王作業員
INC-20260501-1037,2026-05-01 12:29:00,tcs/tap,設備通訊,Fab 12A,Tool-80,Load Port 載入訊號延遲,OHT 天車放置晶圓盒後，TAP 交握訊號延遲約 10 秒,王作業員
INC-20260501-1038,2026-05-01 18:34:00,fdc,腔體警報,Fab 12A,Tool-40,腔體壓力單點警報,腔體即時壓力短暫碰觸 UCL 邊界，隨後恢復正常,林工程師
INC-20260501-1039,2026-05-01 15:30:00,others,帳號與權限,Fab 14B,Tool-31,新帳號權限開通,廠端新進作業員申請基礎檢視權限,王作業員
INC-20260501-1040,2026-05-01 08:24:00,others,週邊設備,Fab 14B,General,印表機連線異常,標籤列印機無法收到網路列印指令,李副理
INC-20260502-1041,2026-05-02 20:35:00,ees,配方管理,Fab 12B,General,Recipe 參數上傳逾時,設備工程師修改參數後上傳 EES 主機回應逾時,趙技術員
INC-20260502-1042,2026-05-02 08:37:00,ees,PM保養,Fab 18,General,PM 保養工單結案失敗,機台完成年度 PM 後，於 EES 點選完工無法同步更新狀態,林工程師
INC-20260502-1043,2026-05-02 17:30:00,ees,配方管理,Fab 12A,Tool-20,Recipe 參數上傳逾時,設備工程師修改參數後上傳 EES 主機回應逾時,張組長
INC-20260502-1044,2026-05-02 17:04:00,tcs/tap,帳號與權限,Fab 14B,General,操作員權限異動,作業員請假交接，暫時調整 TAP 機台控制權限,王作業員
INC-20260502-1045,2026-05-02 17:38:00,fdc,模型維護,Fab 15,General,模型微調通知,例行性 FDC 演算法閾值微調驗證,林工程師
INC-20260502-1046,2026-05-02 11:42:00,others,帳號與權限,Fab 12B,General,密碼重設申請,工程師忘記密碼導致帳號被鎖定,黃專員
INC-20260502-1047,2026-05-02 18:41:00,others,帳號與權限,Fab 14B,General,密碼重設申請,工程師忘記密碼導致帳號被鎖定,李副理
INC-20260503-1048,2026-05-03 15:39:00,ees,零件壽命,Fab 12A,Tool-74,Parts 壽命計數未重置,更換消耗性零件後，EES 介面仍顯示壽命過期警告,陳技術員
INC-20260503-1049,2026-05-03 13:56:00,tcs/tap,派工作業,Fab 12B,General,單一機台派工等待,機台換批時派工佇列稍有延遲，重整後已正常,陳技術員
INC-20260503-1050,2026-05-03 16:45:00,fdc,感測器異常,Fab 15,Tool-93,Sensor 取樣頻率異常,偵測到單一 Sensor SVID 採樣週期跳動，已通知設備檢查,李副理
INC-20260503-1051,2026-05-03 18:52:00,fdc,腔體警報,Fab 18,General,腔體壓力單點警報,腔體即時壓力短暫碰觸 UCL 邊界，隨後恢復正常,李副理
INC-20260503-1052,2026-05-03 09:56:00,others,帳號與權限,Fab 18,Tool-44,新帳號權限開通,廠端新進作業員申請基礎檢視權限,陳技術員
INC-20260503-1053,2026-05-03 17:13:00,others,週邊設備,Fab 12B,Tool-43,印表機連線異常,標籤列印機無法收到網路列印指令,黃專員
INC-20260504-1054,2026-05-04 12:57:00,ees,PM保養,Fab 12A,Tool-45,PM 保養工單結案失敗,機台完成年度 PM 後，於 EES 點選完工無法同步更新狀態,林工程師
INC-20260504-1055,2026-05-04 08:21:00,ees,帳號與權限,Fab 18,Tool-30,權限開通申請,廠端新進作業員申請基礎檢視權限,張組長
INC-20260504-1056,2026-05-04 19:27:00,tcs/tap,報表與查詢,Fab 12A,General,搬運歷史紀錄匯出,工程師申請匯出昨日 OHT 搬運統計報表,林工程師
INC-20260504-1057,2026-05-04 10:34:00,tcs/tap,系統效能,Fab 14A,Tool-28,主機回應微幅延遲,尖峰排程時段 TCS 主機反應時間稍有波動,林工程師
INC-20260504-1058,2026-05-04 10:02:00,tcs/tap,自動搬運,Fab 14A,Tool-15,搬運指令確認,自動搬運系統指令重試後成功進料,李副理
INC-20260504-1059,2026-05-04 18:15:00,fdc,腔體警報,Fab 14A,Tool-62,腔體壓力單點警報,腔體即時壓力短暫碰觸 UCL 邊界，隨後恢復正常,陳技術員
INC-20260504-1060,2026-05-04 10:51:00,others,週邊設備,Fab 14B,General,印表機連線異常,標籤列印機無法收到網路列印指令,張組長
INC-20260505-1061,2026-05-05 20:59:00,ees,零件壽命,Fab 18,Tool-41,Parts 壽命計數未重置,更換消耗性零件後，EES 介面仍顯示壽命過期警告,劉工程師
INC-20260505-1062,2026-05-05 10:50:00,ees,配方管理,Fab 14B,Tool-70,Recipe 參數上傳逾時,設備工程師修改參數後上傳 EES 主機回應逾時,陳技術員
INC-20260505-1063,2026-05-05 15:22:00,tcs/tap,報表與查詢,Fab 12B,General,搬運歷史紀錄匯出,工程師申請匯出昨日 OHT 搬運統計報表,李副理
INC-20260505-1064,2026-05-05 14:21:00,fdc,模型維護,Fab 12A,Tool-45,模型微調通知,例行性 FDC 演算法閾值微調驗證,李副理
INC-20260505-1065,2026-05-05 16:25:00,others,帳號與權限,Fab 12A,General,新帳號權限開通,廠端新進作業員申請基礎檢視權限,黃專員
INC-20260505-1066,2026-05-05 10:37:00,others,帳號與權限,Fab 12A,General,新帳號權限開通,廠端新進作業員申請基礎檢視權限,李副理
INC-20260505-1067,2026-05-05 13:46:00,others,帳號與權限,Fab 14B,Tool-75,密碼重設申請,工程師忘記密碼導致帳號被鎖定,黃專員
INC-20260506-1068,2026-05-06 17:12:00,ees,配方管理,Fab 12A,Tool-10,Recipe 參數上傳逾時,設備工程師修改參數後上傳 EES 主機回應逾時,李副理
INC-20260506-1069,2026-05-06 13:27:00,ees,零件壽命,Fab 18,Tool-89,Parts 壽命計數未重置,更換消耗性零件後，EES 介面仍顯示壽命過期警告,陳技術員
INC-20260506-1070,2026-05-06 09:46:00,tcs/tap,系統效能,Fab 15,General,主機回應微幅延遲,尖峰排程時段 TCS 主機反應時間稍有波動,李副理
INC-20260506-1071,2026-05-06 13:25:00,tcs/tap,系統效能,Fab 15,General,主機回應微幅延遲,尖峰排程時段 TCS 主機反應時間稍有波動,李副理
INC-20260506-1072,2026-05-06 18:24:00,tcs/tap,帳號與權限,Fab 15,Tool-61,操作員權限異動,作業員請假交接，暫時調整 TAP 機台控制權限,張組長
INC-20260506-1073,2026-05-06 12:18:00,fdc,模型維護,Fab 14B,Tool-87,模型微調通知,例行性 FDC 演算法閾值微調驗證,王作業員
INC-20260506-1074,2026-05-06 15:28:00,others,週邊設備,Fab 15,Tool-31,印表機連線異常,標籤列印機無法收到網路列印指令,王作業員
INC-20260506-1075,2026-05-06 09:18:00,others,週邊設備,Fab 12A,Tool-40,印表機連線異常,標籤列印機無法收到網路列印指令,黃專員
INC-20260507-1076,2026-05-07 11:51:00,ees,配方管理,Fab 12B,General,Recipe 參數上傳逾時,設備工程師修改參數後上傳 EES 主機回應逾時,王作業員
INC-20260507-1077,2026-05-07 15:39:00,ees,配方管理,Fab 14B,Tool-90,Recipe 參數上傳逾時,設備工程師修改參數後上傳 EES 主機回應逾時,陳技術員
INC-20260507-1078,2026-05-07 19:24:00,tcs/tap,報表與查詢,Fab 14B,General,搬運歷史紀錄匯出,工程師申請匯出昨日 OHT 搬運統計報表,趙技術員
INC-20260507-1079,2026-05-07 19:00:00,tcs/tap,報表與查詢,Fab 14B,General,搬運歷史紀錄匯出,工程師申請匯出昨日 OHT 搬運統計報表,陳技術員
INC-20260507-1080,2026-05-07 16:29:00,tcs/tap,設備通訊,Fab 15,General,Load Port 載入訊號延遲,OHT 天車放置晶圓盒後，TAP 交握訊號延遲約 10 秒,林工程師
INC-20260507-1081,2026-05-07 10:51:00,fdc,模型維護,Fab 18,Tool-81,模型微調通知,例行性 FDC 演算法閾值微調驗證,趙技術員
INC-20260507-1082,2026-05-07 20:57:00,fdc,資料採集,Fab 15,Tool-74,Log 傳輸佇列累積,短暫網路震盪導致 FDC Log 採集有 30 秒延遲,趙技術員
INC-20260507-1083,2026-05-07 15:57:00,others,帳號與權限,Fab 18,Tool-67,新帳號權限開通,廠端新進作業員申請基礎檢視權限,張組長
INC-20260507-1084,2026-05-07 20:15:00,others,帳號與權限,Fab 15,Tool-40,新帳號權限開通,廠端新進作業員申請基礎檢視權限,李副理
INC-20260507-1085,2026-05-07 15:04:00,others,帳號與權限,Fab 12B,General,新帳號權限開通,廠端新進作業員申請基礎檢視權限,李副理
INC-20260508-1086,2026-05-08 09:08:00,ees,配方管理,Fab 12B,General,Recipe 參數上傳逾時,設備工程師修改參數後上傳 EES 主機回應逾時,張組長
INC-20260508-1087,2026-05-08 19:13:00,ees,帳號與權限,Fab 14B,Tool-79,權限開通申請,廠端新進作業員申請基礎檢視權限,陳技術員
INC-20260508-1088,2026-05-08 14:03:00,ees,PM保養,Fab 14B,General,PM 保養工單結案失敗,機台完成年度 PM 後，於 EES 點選完工無法同步更新狀態,王作業員
INC-20260508-1089,2026-05-08 14:30:00,tcs/tap,系統效能,Fab 14A,General,主機回應微幅延遲,尖峰排程時段 TCS 主機反應時間稍有波動,林工程師
INC-20260508-1090,2026-05-08 14:34:00,tcs/tap,系統效能,Fab 14B,General,主機回應微幅延遲,尖峰排程時段 TCS 主機反應時間稍有波動,王作業員
INC-20260508-1091,2026-05-08 15:01:00,tcs/tap,報表與查詢,Fab 14A,Tool-61,搬運歷史紀錄匯出,工程師申請匯出昨日 OHT 搬運統計報表,劉工程師
INC-20260508-1092,2026-05-08 15:58:00,fdc,感測器異常,Fab 15,Tool-60,Sensor 取樣頻率異常,偵測到單一 Sensor SVID 採樣週期跳動，已通知設備檢查,張組長
INC-20260508-1093,2026-05-08 18:27:00,others,帳號與權限,Fab 14B,General,新帳號權限開通,廠端新進作業員申請基礎檢視權限,張組長
INC-20260509-1094,2026-05-09 13:13:00,ees,帳號與權限,Fab 14A,General,權限開通申請,廠端新進作業員申請基礎檢視權限,趙技術員
INC-20260509-1095,2026-05-09 12:48:00,ees,PM保養,Fab 14A,Tool-70,PM 保養工單結案失敗,機台完成年度 PM 後，於 EES 點選完工無法同步更新狀態,劉工程師
INC-20260509-1096,2026-05-09 16:03:00,tcs/tap,設備通訊,Fab 12B,Tool-93,Load Port 載入訊號延遲,OHT 天車放置晶圓盒後，TAP 交握訊號延遲約 10 秒,黃專員
INC-20260509-1097,2026-05-09 20:01:00,tcs/tap,派工作業,Fab 12B,Tool-89,單一機台派工等待,機台換批時派工佇列稍有延遲，重整後已正常,王作業員
INC-20260509-1098,2026-05-09 11:08:00,tcs/tap,派工作業,Fab 18,General,單一機台派工等待,機台換批時派工佇列稍有延遲，重整後已正常,趙技術員
INC-20260509-1099,2026-05-09 19:16:00,fdc,腔體警報,Fab 12B,Tool-24,腔體壓力單點警報,腔體即時壓力短暫碰觸 UCL 邊界，隨後恢復正常,黃專員
INC-20260509-1100,2026-05-09 12:06:00,fdc,資料採集,Fab 14A,Tool-58,Log 傳輸佇列累積,短暫網路震盪導致 FDC Log 採集有 30 秒延遲,林工程師
INC-20260509-1101,2026-05-09 11:04:00,others,週邊設備,Fab 12A,Tool-48,印表機連線異常,標籤列印機無法收到網路列印指令,王作業員
INC-20260509-1102,2026-05-09 17:51:00,others,週邊設備,Fab 15,Tool-54,印表機連線異常,標籤列印機無法收到網路列印指令,陳技術員
INC-20260509-1103,2026-05-09 14:42:00,others,帳號與權限,Fab 12A,Tool-53,密碼重設申請,工程師忘記密碼導致帳號被鎖定,黃專員
INC-20260510-1104,2026-05-10 15:06:00,ees,配方管理,Fab 14A,Tool-68,Recipe 參數上傳逾時,設備工程師修改參數後上傳 EES 主機回應逾時,劉工程師
INC-20260510-1105,2026-05-10 14:11:00,ees,帳號與權限,Fab 15,Tool-78,權限開通申請,廠端新進作業員申請基礎檢視權限,李副理
INC-20260510-1106,2026-05-10 14:52:00,tcs/tap,自動搬運,Fab 14A,Tool-21,搬運指令確認,自動搬運系統指令重試後成功進料,李副理
INC-20260510-1107,2026-05-10 15:15:00,tcs/tap,自動搬運,Fab 15,Tool-58,搬運指令確認,自動搬運系統指令重試後成功進料,趙技術員
INC-20260510-1108,2026-05-10 15:54:00,fdc,模型維護,Fab 12B,Tool-55,模型微調通知,例行性 FDC 演算法閾值微調驗證,黃專員
INC-20260510-1109,2026-05-10 12:56:00,others,帳號與權限,Fab 15,General,密碼重設申請,工程師忘記密碼導致帳號被鎖定,李副理
INC-20260510-1110,2026-05-10 09:15:00,others,週邊設備,Fab 14B,Tool-40,印表機連線異常,標籤列印機無法收到網路列印指令,劉工程師
INC-20260511-1111,2026-05-11 18:45:00,ees,零件壽命,Fab 14B,Tool-21,Parts 壽命計數未重置,更換消耗性零件後，EES 介面仍顯示壽命過期警告,趙技術員
INC-20260511-1112,2026-05-11 11:25:00,ees,帳號與權限,Fab 14A,Tool-57,權限開通申請,廠端新進作業員申請基礎檢視權限,王作業員
INC-20260511-1113,2026-05-11 16:22:00,tcs/tap,報表與查詢,Fab 18,Tool-55,搬運歷史紀錄匯出,工程師申請匯出昨日 OHT 搬運統計報表,劉工程師
INC-20260511-1114,2026-05-11 15:17:00,tcs/tap,報表與查詢,Fab 14A,General,搬運歷史紀錄匯出,工程師申請匯出昨日 OHT 搬運統計報表,李副理
INC-20260511-1115,2026-05-11 11:20:00,tcs/tap,派工作業,Fab 18,Tool-98,單一機台派工等待,機台換批時派工佇列稍有延遲，重整後已正常,陳技術員
INC-20260511-1116,2026-05-11 11:47:00,fdc,模型維護,Fab 14A,Tool-77,模型微調通知,例行性 FDC 演算法閾值微調驗證,趙技術員
INC-20260511-1117,2026-05-11 11:18:00,others,帳號與權限,Fab 14A,General,密碼重設申請,工程師忘記密碼導致帳號被鎖定,王作業員
INC-20260512-1118,2026-05-12 16:08:00,ees,零件壽命,Fab 12A,Tool-80,Parts 壽命計數未重置,更換消耗性零件後，EES 介面仍顯示壽命過期警告,李副理
INC-20260512-1119,2026-05-12 19:08:00,ees,零件壽命,Fab 12A,Tool-83,Parts 壽命計數未重置,更換消耗性零件後，EES 介面仍顯示壽命過期警告,趙技術員
INC-20260512-1120,2026-05-12 15:30:00,ees,PM保養,Fab 14A,General,PM 保養工單結案失敗,機台完成年度 PM 後，於 EES 點選完工無法同步更新狀態,趙技術員
INC-20260512-1121,2026-05-12 15:07:00,tcs/tap,報表與查詢,Fab 14B,Tool-83,搬運歷史紀錄匯出,工程師申請匯出昨日 OHT 搬運統計報表,陳技術員
INC-20260512-1122,2026-05-12 18:03:00,tcs/tap,設備通訊,Fab 12B,Tool-48,Load Port 載入訊號延遲,OHT 天車放置晶圓盒後，TAP 交握訊號延遲約 10 秒,張組長
INC-20260512-1123,2026-05-12 09:35:00,fdc,腔體警報,Fab 15,Tool-89,腔體壓力單點警報,腔體即時壓力短暫碰觸 UCL 邊界，隨後恢復正常,劉工程師
INC-20260512-1124,2026-05-12 14:28:00,others,帳號與權限,Fab 14A,Tool-64,新帳號權限開通,廠端新進作業員申請基礎檢視權限,趙技術員
INC-20260512-1125,2026-05-12 17:39:00,others,帳號與權限,Fab 15,Tool-22,密碼重設申請,工程師忘記密碼導致帳號被鎖定,林工程師
INC-20260512-1126,2026-05-12 18:13:00,others,帳號與權限,Fab 18,General,密碼重設申請,工程師忘記密碼導致帳號被鎖定,李副理
INC-20260513-1127,2026-05-13 16:04:00,ees,帳號與權限,Fab 12A,Tool-98,權限開通申請,廠端新進作業員申請基礎檢視權限,張組長
INC-20260513-1128,2026-05-13 08:14:00,tcs/tap,系統效能,Fab 18,General,主機回應微幅延遲,尖峰排程時段 TCS 主機反應時間稍有波動,李副理
INC-20260513-1129,2026-05-13 09:43:00,tcs/tap,帳號與權限,Fab 14A,Tool-90,操作員權限異動,作業員請假交接，暫時調整 TAP 機台控制權限,王作業員
INC-20260513-1130,2026-05-13 20:59:00,fdc,腔體警報,Fab 14B,General,腔體壓力單點警報,腔體即時壓力短暫碰觸 UCL 邊界，隨後恢復正常,王作業員
INC-20260513-1131,2026-05-13 18:09:00,fdc,腔體警報,Fab 12B,General,腔體壓力單點警報,腔體即時壓力短暫碰觸 UCL 邊界，隨後恢復正常,李副理
INC-20260513-1132,2026-05-13 20:19:00,fdc,模型維護,Fab 14B,General,模型微調通知,例行性 FDC 演算法閾值微調驗證,李副理
INC-20260513-1133,2026-05-13 14:17:00,others,帳號與權限,Fab 14B,General,密碼重設申請,工程師忘記密碼導致帳號被鎖定,趙技術員
INC-20260513-1134,2026-05-13 14:47:00,others,帳號與權限,Fab 15,General,密碼重設申請,工程師忘記密碼導致帳號被鎖定,黃專員
INC-20260513-1135,2026-05-13 11:43:00,others,帳號與權限,Fab 18,Tool-83,密碼重設申請,工程師忘記密碼導致帳號被鎖定,林工程師
INC-20260514-1136,2026-05-14 15:33:00,ees,帳號與權限,Fab 14A,General,權限開通申請,廠端新進作業員申請基礎檢視權限,趙技術員
INC-20260514-1137,2026-05-14 15:05:00,tcs/tap,報表與查詢,Fab 14A,Tool-51,搬運歷史紀錄匯出,工程師申請匯出昨日 OHT 搬運統計報表,趙技術員
INC-20260514-1138,2026-05-14 09:54:00,tcs/tap,自動搬運,Fab 14A,Tool-73,搬運指令確認,自動搬運系統指令重試後成功進料,張組長
INC-20260514-1139,2026-05-14 18:25:00,tcs/tap,自動搬運,Fab 14B,General,搬運指令確認,自動搬運系統指令重試後成功進料,林工程師
INC-20260514-1140,2026-05-14 09:49:00,fdc,資料採集,Fab 15,Tool-10,Log 傳輸佇列累積,短暫網路震盪導致 FDC Log 採集有 30 秒延遲,劉工程師
INC-20260514-1141,2026-05-14 14:03:00,fdc,資料採集,Fab 15,General,Log 傳輸佇列累積,短暫網路震盪導致 FDC Log 採集有 30 秒延遲,王作業員
INC-20260514-1142,2026-05-14 15:48:00,others,帳號與權限,Fab 12B,General,密碼重設申請,工程師忘記密碼導致帳號被鎖定,林工程師
INC-20260514-1143,2026-05-14 12:28:00,others,週邊設備,Fab 12A,General,印表機連線異常,標籤列印機無法收到網路列印指令,趙技術員
INC-20260514-1144,2026-05-14 17:51:00,others,週邊設備,Fab 18,General,印表機連線異常,標籤列印機無法收到網路列印指令,王作業員
INC-20260515-1145,2026-05-15 16:26:00,ees,帳號與權限,Fab 12B,Tool-24,權限開通申請,廠端新進作業員申請基礎檢視權限,陳技術員
INC-20260515-1146,2026-05-15 18:53:00,tcs/tap,帳號與權限,Fab 14B,Tool-47,操作員權限異動,作業員請假交接，暫時調整 TAP 機台控制權限,張組長
INC-20260515-1147,2026-05-15 12:26:00,fdc,腔體警報,Fab 14B,General,腔體壓力單點警報,腔體即時壓力短暫碰觸 UCL 邊界，隨後恢復正常,趙技術員
INC-20260515-1148,2026-05-15 14:12:00,fdc,資料採集,Fab 12A,General,Log 傳輸佇列累積,短暫網路震盪導致 FDC Log 採集有 30 秒延遲,張組長
INC-20260515-1149,2026-05-15 13:59:00,fdc,模型維護,Fab 12A,General,模型微調通知,例行性 FDC 演算法閾值微調驗證,李副理
INC-20260515-1150,2026-05-15 17:42:00,others,帳號與權限,Fab 12B,Tool-71,新帳號權限開通,廠端新進作業員申請基礎檢視權限,趙技術員
INC-20260515-1151,2026-05-15 13:35:00,others,週邊設備,Fab 14B,Tool-34,印表機連線異常,標籤列印機無法收到網路列印指令,劉工程師
INC-20260515-1152,2026-05-15 11:36:00,others,帳號與權限,Fab 12B,Tool-62,密碼重設申請,工程師忘記密碼導致帳號被鎖定,劉工程師
INC-20260516-1153,2026-05-16 19:30:00,ees,配方管理,Fab 14B,Tool-93,Recipe 參數上傳逾時,設備工程師修改參數後上傳 EES 主機回應逾時,劉工程師
INC-20260516-1154,2026-05-16 15:02:00,ees,PM保養,Fab 15,Tool-52,PM 保養工單結案失敗,機台完成年度 PM 後，於 EES 點選完工無法同步更新狀態,張組長
INC-20260516-1155,2026-05-16 09:33:00,tcs/tap,報表與查詢,Fab 12A,Tool-62,搬運歷史紀錄匯出,工程師申請匯出昨日 OHT 搬運統計報表,趙技術員
INC-20260516-1156,2026-05-16 10:04:00,tcs/tap,報表與查詢,Fab 14A,General,搬運歷史紀錄匯出,工程師申請匯出昨日 OHT 搬運統計報表,趙技術員
INC-20260516-1157,2026-05-16 18:05:00,fdc,模型維護,Fab 18,Tool-58,模型微調通知,例行性 FDC 演算法閾值微調驗證,黃專員
INC-20260516-1158,2026-05-16 18:45:00,fdc,感測器異常,Fab 15,General,Sensor 取樣頻率異常,偵測到單一 Sensor SVID 採樣週期跳動，已通知設備檢查,趙技術員
INC-20260516-1159,2026-05-16 18:43:00,others,帳號與權限,Fab 12B,Tool-65,密碼重設申請,工程師忘記密碼導致帳號被鎖定,李副理
INC-20260517-1160,2026-05-17 19:55:00,ees,零件壽命,Fab 14B,General,Parts 壽命計數未重置,更換消耗性零件後，EES 介面仍顯示壽命過期警告,陳技術員
INC-20260517-1161,2026-05-17 08:02:00,ees,零件壽命,Fab 12A,General,Parts 壽命計數未重置,更換消耗性零件後，EES 介面仍顯示壽命過期警告,黃專員
INC-20260517-1162,2026-05-17 14:09:00,ees,配方管理,Fab 15,Tool-97,Recipe 參數上傳逾時,設備工程師修改參數後上傳 EES 主機回應逾時,王作業員
INC-20260517-1163,2026-05-17 10:05:00,tcs/tap,帳號與權限,Fab 15,Tool-73,操作員權限異動,作業員請假交接，暫時調整 TAP 機台控制權限,劉工程師
INC-20260517-1164,2026-05-17 11:29:00,fdc,感測器異常,Fab 14B,General,Sensor 取樣頻率異常,偵測到單一 Sensor SVID 採樣週期跳動，已通知設備檢查,李副理
INC-20260517-1165,2026-05-17 12:43:00,others,週邊設備,Fab 12A,Tool-54,印表機連線異常,標籤列印機無法收到網路列印指令,張組長
INC-20260517-1166,2026-05-17 12:40:00,others,帳號與權限,Fab 18,General,新帳號權限開通,廠端新進作業員申請基礎檢視權限,劉工程師
INC-20260518-1167,2026-05-18 14:54:00,ees,零件壽命,Fab 12A,General,Parts 壽命計數未重置,更換消耗性零件後，EES 介面仍顯示壽命過期警告,趙技術員
INC-20260518-1168,2026-05-18 12:44:00,tcs/tap,系統效能,Fab 12A,Tool-94,主機回應微幅延遲,尖峰排程時段 TCS 主機反應時間稍有波動,李副理
INC-20260518-1169,2026-05-18 12:00:00,tcs/tap,派工作業,Fab 15,Tool-46,單一機台派工等待,機台換批時派工佇列稍有延遲，重整後已正常,林工程師
INC-20260518-1170,2026-05-18 17:51:00,tcs/tap,自動搬運,Fab 12B,Tool-89,搬運指令確認,自動搬運系統指令重試後成功進料,黃專員
INC-20260518-1171,2026-05-18 20:46:00,fdc,感測器異常,Fab 18,General,Sensor 取樣頻率異常,偵測到單一 Sensor SVID 採樣週期跳動，已通知設備檢查,張組長
INC-20260518-1172,2026-05-18 12:50:00,fdc,感測器異常,Fab 12A,Tool-26,Sensor 取樣頻率異常,偵測到單一 Sensor SVID 採樣週期跳動，已通知設備檢查,趙技術員
INC-20260518-1173,2026-05-18 12:20:00,fdc,模型維護,Fab 12B,General,模型微調通知,例行性 FDC 演算法閾值微調驗證,劉工程師
INC-20260518-1174,2026-05-18 16:58:00,others,帳號與權限,Fab 12B,General,新帳號權限開通,廠端新進作業員申請基礎檢視權限,李副理
INC-20260518-1175,2026-05-18 20:18:00,others,帳號與權限,Fab 12A,Tool-19,密碼重設申請,工程師忘記密碼導致帳號被鎖定,黃專員
INC-20260518-1176,2026-05-18 20:14:00,others,帳號與權限,Fab 15,General,新帳號權限開通,廠端新進作業員申請基礎檢視權限,劉工程師
INC-20260519-1177,2026-05-19 12:34:00,ees,零件壽命,Fab 14B,General,Parts 壽命計數未重置,更換消耗性零件後，EES 介面仍顯示壽命過期警告,陳技術員
INC-20260519-1178,2026-05-19 14:52:00,tcs/tap,設備通訊,Fab 12A,Tool-70,Load Port 載入訊號延遲,OHT 天車放置晶圓盒後，TAP 交握訊號延遲約 10 秒,黃專員
INC-20260519-1179,2026-05-19 17:56:00,tcs/tap,設備通訊,Fab 15,General,Load Port 載入訊號延遲,OHT 天車放置晶圓盒後，TAP 交握訊號延遲約 10 秒,黃專員
INC-20260519-1180,2026-05-19 18:52:00,tcs/tap,系統效能,Fab 18,General,主機回應微幅延遲,尖峰排程時段 TCS 主機反應時間稍有波動,趙技術員
INC-20260519-1181,2026-05-19 10:02:00,fdc,感測器異常,Fab 14A,Tool-24,Sensor 取樣頻率異常,偵測到單一 Sensor SVID 採樣週期跳動，已通知設備檢查,林工程師
INC-20260519-1182,2026-05-19 16:08:00,others,週邊設備,Fab 14B,General,印表機連線異常,標籤列印機無法收到網路列印指令,劉工程師
INC-20260520-1183,2026-05-20 16:26:00,ees,帳號與權限,Fab 14B,Tool-72,權限開通申請,廠端新進作業員申請基礎檢視權限,張組長
INC-20260520-1184,2026-05-20 12:02:00,ees,零件壽命,Fab 12B,Tool-40,Parts 壽命計數未重置,更換消耗性零件後，EES 介面仍顯示壽命過期警告,黃專員
INC-20260520-1185,2026-05-20 09:43:00,ees,零件壽命,Fab 15,Tool-92,Parts 壽命計數未重置,更換消耗性零件後，EES 介面仍顯示壽命過期警告,黃專員
INC-20260520-1186,2026-05-20 14:17:00,tcs/tap,設備通訊,Fab 12A,Tool-68,Load Port 載入訊號延遲,OHT 天車放置晶圓盒後，TAP 交握訊號延遲約 10 秒,王作業員
INC-20260520-1187,2026-05-20 11:41:00,fdc,腔體警報,Fab 12A,Tool-41,腔體壓力單點警報,腔體即時壓力短暫碰觸 UCL 邊界，隨後恢復正常,林工程師
INC-20260520-1188,2026-05-20 20:36:00,fdc,腔體警報,Fab 12A,Tool-80,腔體壓力單點警報,腔體即時壓力短暫碰觸 UCL 邊界，隨後恢復正常,王作業員
INC-20260520-1189,2026-05-20 17:13:00,fdc,感測器異常,Fab 14A,Tool-86,Sensor 取樣頻率異常,偵測到單一 Sensor SVID 採樣週期跳動，已通知設備檢查,王作業員
INC-20260520-1190,2026-05-20 10:08:00,others,帳號與權限,Fab 12B,General,密碼重設申請,工程師忘記密碼導致帳號被鎖定,李副理
INC-20260520-1191,2026-05-20 10:00:00,others,帳號與權限,Fab 12B,Tool-12,密碼重設申請,工程師忘記密碼導致帳號被鎖定,黃專員
INC-20260521-1192,2026-05-21 08:08:00,ees,PM保養,Fab 15,General,PM 保養工單結案失敗,機台完成年度 PM 後，於 EES 點選完工無法同步更新狀態,劉工程師
INC-20260521-1193,2026-05-21 15:28:00,ees,配方管理,Fab 15,Tool-67,Recipe 參數上傳逾時,設備工程師修改參數後上傳 EES 主機回應逾時,黃專員
INC-20260521-1194,2026-05-21 08:46:00,tcs/tap,設備通訊,Fab 14B,Tool-13,Load Port 載入訊號延遲,OHT 天車放置晶圓盒後，TAP 交握訊號延遲約 10 秒,李副理
INC-20260521-1195,2026-05-21 15:54:00,tcs/tap,報表與查詢,Fab 14B,Tool-72,搬運歷史紀錄匯出,工程師申請匯出昨日 OHT 搬運統計報表,劉工程師
INC-20260521-1196,2026-05-21 15:04:00,tcs/tap,派工作業,Fab 14A,Tool-18,單一機台派工等待,機台換批時派工佇列稍有延遲，重整後已正常,陳技術員
INC-20260521-1197,2026-05-21 17:40:00,fdc,模型維護,Fab 14B,Tool-77,模型微調通知,例行性 FDC 演算法閾值微調驗證,黃專員
INC-20260521-1198,2026-05-21 15:32:00,fdc,腔體警報,Fab 12A,Tool-24,腔體壓力單點警報,腔體即時壓力短暫碰觸 UCL 邊界，隨後恢復正常,劉工程師
INC-20260521-1199,2026-05-21 15:56:00,others,帳號與權限,Fab 14B,General,新帳號權限開通,廠端新進作業員申請基礎檢視權限,王作業員
INC-20260521-1200,2026-05-21 14:26:00,others,帳號與權限,Fab 14A,Tool-95,新帳號權限開通,廠端新進作業員申請基礎檢視權限,陳技術員
INC-20260522-1201,2026-05-22 10:43:00,ees,PM保養,Fab 12A,General,PM 保養工單結案失敗,機台完成年度 PM 後，於 EES 點選完工無法同步更新狀態,趙技術員
INC-20260522-1202,2026-05-22 09:27:00,ees,PM保養,Fab 18,Tool-26,PM 保養工單結案失敗,機台完成年度 PM 後，於 EES 點選完工無法同步更新狀態,陳技術員
INC-20260522-1203,2026-05-22 16:35:00,tcs/tap,自動搬運,Fab 18,General,搬運指令確認,自動搬運系統指令重試後成功進料,黃專員
INC-20260522-1204,2026-05-22 18:48:00,tcs/tap,自動搬運,Fab 18,General,搬運指令確認,自動搬運系統指令重試後成功進料,劉工程師
INC-20260522-1205,2026-05-22 17:19:00,tcs/tap,派工作業,Fab 12A,Tool-37,單一機台派工等待,機台換批時派工佇列稍有延遲，重整後已正常,黃專員
INC-20260522-1206,2026-05-22 15:14:00,fdc,感測器異常,Fab 14A,Tool-57,Sensor 取樣頻率異常,偵測到單一 Sensor SVID 採樣週期跳動，已通知設備檢查,陳技術員
INC-20260522-1207,2026-05-22 20:17:00,fdc,感測器異常,Fab 14B,Tool-89,Sensor 取樣頻率異常,偵測到單一 Sensor SVID 採樣週期跳動，已通知設備檢查,王作業員
INC-20260522-1208,2026-05-22 17:59:00,fdc,模型維護,Fab 12A,General,模型微調通知,例行性 FDC 演算法閾值微調驗證,李副理
INC-20260522-1209,2026-05-22 13:00:00,others,帳號與權限,Fab 12B,Tool-61,密碼重設申請,工程師忘記密碼導致帳號被鎖定,張組長
INC-20260522-1210,2026-05-22 10:47:00,others,帳號與權限,Fab 12A,Tool-37,新帳號權限開通,廠端新進作業員申請基礎檢視權限,林工程師
INC-20260523-1211,2026-05-23 15:21:00,ees,零件壽命,Fab 14A,General,Parts 壽命計數未重置,更換消耗性零件後，EES 介面仍顯示壽命過期警告,張組長
INC-20260523-1212,2026-05-23 20:36:00,ees,PM保養,Fab 12A,General,PM 保養工單結案失敗,機台完成年度 PM 後，於 EES 點選完工無法同步更新狀態,陳技術員
INC-20260523-1213,2026-05-23 09:17:00,tcs/tap,系統效能,Fab 18,Tool-87,主機回應微幅延遲,尖峰排程時段 TCS 主機反應時間稍有波動,趙技術員
INC-20260523-1214,2026-05-23 14:17:00,tcs/tap,系統效能,Fab 15,General,主機回應微幅延遲,尖峰排程時段 TCS 主機反應時間稍有波動,王作業員
INC-20260523-1215,2026-05-23 09:18:00,tcs/tap,派工作業,Fab 15,Tool-15,單一機台派工等待,機台換批時派工佇列稍有延遲，重整後已正常,趙技術員
INC-20260523-1216,2026-05-23 17:03:00,fdc,腔體警報,Fab 12B,General,腔體壓力單點警報,腔體即時壓力短暫碰觸 UCL 邊界，隨後恢復正常,林工程師
INC-20260523-1217,2026-05-23 20:08:00,fdc,感測器異常,Fab 14A,General,Sensor 取樣頻率異常,偵測到單一 Sensor SVID 採樣週期跳動，已通知設備檢查,李副理
INC-20260523-1218,2026-05-23 19:27:00,others,週邊設備,Fab 12B,General,印表機連線異常,標籤列印機無法收到網路列印指令,張組長
INC-20260523-1219,2026-05-23 11:32:00,others,週邊設備,Fab 12A,General,印表機連線異常,標籤列印機無法收到網路列印指令,黃專員
INC-20260524-1220,2026-05-24 14:01:00,ees,帳號與權限,Fab 12A,Tool-83,權限開通申請,廠端新進作業員申請基礎檢視權限,趙技術員
INC-20260524-1221,2026-05-24 14:45:00,tcs/tap,設備通訊,Fab 14A,General,Load Port 載入訊號延遲,OHT 天車放置晶圓盒後，TAP 交握訊號延遲約 10 秒,劉工程師
INC-20260524-1222,2026-05-24 13:10:00,tcs/tap,系統效能,Fab 18,Tool-21,主機回應微幅延遲,尖峰排程時段 TCS 主機反應時間稍有波動,趙技術員
INC-20260524-1223,2026-05-24 09:15:00,tcs/tap,系統效能,Fab 15,Tool-20,主機回應微幅延遲,尖峰排程時段 TCS 主機反應時間稍有波動,劉工程師
INC-20260524-1224,2026-05-24 19:21:00,fdc,感測器異常,Fab 14A,Tool-19,Sensor 取樣頻率異常,偵測到單一 Sensor SVID 採樣週期跳動，已通知設備檢查,王作業員
INC-20260524-1225,2026-05-24 16:32:00,fdc,腔體警報,Fab 14A,General,腔體壓力單點警報,腔體即時壓力短暫碰觸 UCL 邊界，隨後恢復正常,王作業員
INC-20260524-1226,2026-05-24 09:09:00,others,帳號與權限,Fab 12B,General,密碼重設申請,工程師忘記密碼導致帳號被鎖定,李副理
INC-20260525-1227,2026-05-25 09:11:00,ees,帳號與權限,Fab 14B,Tool-84,權限開通申請,廠端新進作業員申請基礎檢視權限,趙技術員
INC-20260525-1228,2026-05-25 18:59:00,ees,帳號與權限,Fab 18,General,權限開通申請,廠端新進作業員申請基礎檢視權限,黃專員
INC-20260525-1229,2026-05-25 09:30:00,ees,零件壽命,Fab 18,General,Parts 壽命計數未重置,更換消耗性零件後，EES 介面仍顯示壽命過期警告,趙技術員
INC-20260525-1230,2026-05-25 08:22:00,tcs/tap,設備通訊,Fab 14A,Tool-14,Load Port 載入訊號延遲,OHT 天車放置晶圓盒後，TAP 交握訊號延遲約 10 秒,陳技術員
INC-20260525-1231,2026-05-25 13:53:00,tcs/tap,帳號與權限,Fab 12A,Tool-21,操作員權限異動,作業員請假交接，暫時調整 TAP 機台控制權限,李副理
INC-20260525-1232,2026-05-25 17:32:00,tcs/tap,系統效能,Fab 14B,Tool-15,主機回應微幅延遲,尖峰排程時段 TCS 主機反應時間稍有波動,劉工程師
INC-20260525-1233,2026-05-25 18:12:00,fdc,感測器異常,Fab 15,Tool-29,Sensor 取樣頻率異常,偵測到單一 Sensor SVID 採樣週期跳動，已通知設備檢查,黃專員
INC-20260525-1234,2026-05-25 15:06:00,fdc,腔體警報,Fab 18,General,腔體壓力單點警報,腔體即時壓力短暫碰觸 UCL 邊界，隨後恢復正常,黃專員
INC-20260525-1235,2026-05-25 08:15:00,fdc,腔體警報,Fab 14B,Tool-88,腔體壓力單點警報,腔體即時壓力短暫碰觸 UCL 邊界，隨後恢復正常,趙技術員
INC-20260525-1236,2026-05-25 13:58:00,others,週邊設備,Fab 14B,Tool-53,印表機連線異常,標籤列印機無法收到網路列印指令,李副理
INC-20260525-1237,2026-05-25 17:03:00,others,週邊設備,Fab 12A,General,印表機連線異常,標籤列印機無法收到網路列印指令,黃專員
INC-20260526-1238,2026-05-26 14:18:00,ees,配方管理,Fab 18,Tool-87,Recipe 參數上傳逾時,設備工程師修改參數後上傳 EES 主機回應逾時,李副理
INC-20260526-1239,2026-05-26 13:05:00,ees,帳號與權限,Fab 14A,General,權限開通申請,廠端新進作業員申請基礎檢視權限,張組長
INC-20260526-1240,2026-05-26 10:38:00,ees,零件壽命,Fab 14A,Tool-92,Parts 壽命計數未重置,更換消耗性零件後，EES 介面仍顯示壽命過期警告,陳技術員
INC-20260526-1241,2026-05-26 18:44:00,tcs/tap,自動搬運,Fab 18,Tool-75,搬運指令確認,自動搬運系統指令重試後成功進料,陳技術員
INC-20260526-1242,2026-05-26 13:19:00,fdc,資料採集,Fab 12B,General,Log 傳輸佇列累積,短暫網路震盪導致 FDC Log 採集有 30 秒延遲,張組長
INC-20260526-1243,2026-05-26 11:08:00,others,帳號與權限,Fab 12A,General,密碼重設申請,工程師忘記密碼導致帳號被鎖定,張組長
INC-20260527-1244,2026-05-27 20:34:00,ees,配方管理,Fab 18,General,Recipe 參數上傳逾時,設備工程師修改參數後上傳 EES 主機回應逾時,林工程師
INC-20260527-1245,2026-05-27 17:24:00,ees,配方管理,Fab 12B,General,Recipe 參數上傳逾時,設備工程師修改參數後上傳 EES 主機回應逾時,張組長
INC-20260527-1246,2026-05-27 19:28:00,ees,配方管理,Fab 14B,General,Recipe 參數上傳逾時,設備工程師修改參數後上傳 EES 主機回應逾時,林工程師
INC-20260527-1247,2026-05-27 17:18:00,tcs/tap,系統效能,Fab 12B,Tool-49,主機回應微幅延遲,尖峰排程時段 TCS 主機反應時間稍有波動,趙技術員
INC-20260527-1248,2026-05-27 11:23:00,tcs/tap,帳號與權限,Fab 14B,Tool-58,操作員權限異動,作業員請假交接，暫時調整 TAP 機台控制權限,趙技術員
INC-20260527-1249,2026-05-27 14:10:00,fdc,模型維護,Fab 15,General,模型微調通知,例行性 FDC 演算法閾值微調驗證,王作業員
INC-20260527-1250,2026-05-27 08:41:00,fdc,感測器異常,Fab 14A,Tool-23,Sensor 取樣頻率異常,偵測到單一 Sensor SVID 採樣週期跳動，已通知設備檢查,趙技術員
INC-20260527-1251,2026-05-27 12:05:00,fdc,腔體警報,Fab 14A,Tool-75,腔體壓力單點警報,腔體即時壓力短暫碰觸 UCL 邊界，隨後恢復正常,張組長
INC-20260527-1252,2026-05-27 09:58:00,others,帳號與權限,Fab 14B,Tool-13,新帳號權限開通,廠端新進作業員申請基礎檢視權限,王作業員
INC-20260527-1253,2026-05-27 08:25:00,others,帳號與權限,Fab 12B,General,密碼重設申請,工程師忘記密碼導致帳號被鎖定,黃專員
INC-20260528-1254,2026-05-28 11:01:00,ees,零件壽命,Fab 12A,Tool-93,Parts 壽命計數未重置,更換消耗性零件後，EES 介面仍顯示壽命過期警告,黃專員
INC-20260528-1255,2026-05-28 20:09:00,ees,帳號與權限,Fab 12A,General,權限開通申請,廠端新進作業員申請基礎檢視權限,張組長
INC-20260528-1256,2026-05-28 10:48:00,tcs/tap,設備通訊,Fab 14B,Tool-20,Load Port 載入訊號延遲,OHT 天車放置晶圓盒後，TAP 交握訊號延遲約 10 秒,趙技術員
INC-20260528-1257,2026-05-28 12:13:00,tcs/tap,帳號與權限,Fab 15,Tool-87,操作員權限異動,作業員請假交接，暫時調整 TAP 機台控制權限,張組長
INC-20260528-1258,2026-05-28 14:07:00,tcs/tap,設備通訊,Fab 12B,General,Load Port 載入訊號延遲,OHT 天車放置晶圓盒後，TAP 交握訊號延遲約 10 秒,李副理
INC-20260528-1259,2026-05-28 14:40:00,fdc,資料採集,Fab 12A,General,Log 傳輸佇列累積,短暫網路震盪導致 FDC Log 採集有 30 秒延遲,趙技術員
INC-20260528-1260,2026-05-28 16:01:00,others,帳號與權限,Fab 18,General,新帳號權限開通,廠端新進作業員申請基礎檢視權限,王作業員
INC-20260528-1261,2026-05-28 08:39:00,others,週邊設備,Fab 12B,Tool-33,印表機連線異常,標籤列印機無法收到網路列印指令,黃專員
INC-20260528-1262,2026-05-28 18:05:00,others,週邊設備,Fab 12A,Tool-79,印表機連線異常,標籤列印機無法收到網路列印指令,黃專員
INC-20260529-1263,2026-05-29 16:01:00,ees,帳號與權限,Fab 14B,General,權限開通申請,廠端新進作業員申請基礎檢視權限,劉工程師
INC-20260529-1264,2026-05-29 13:16:00,ees,配方管理,Fab 14A,Tool-54,Recipe 參數上傳逾時,設備工程師修改參數後上傳 EES 主機回應逾時,林工程師
INC-20260529-1265,2026-05-29 19:42:00,ees,配方管理,Fab 15,Tool-52,Recipe 參數上傳逾時,設備工程師修改參數後上傳 EES 主機回應逾時,陳技術員
INC-20260529-1266,2026-05-29 13:34:00,tcs/tap,報表與查詢,Fab 18,General,搬運歷史紀錄匯出,工程師申請匯出昨日 OHT 搬運統計報表,黃專員
INC-20260529-1267,2026-05-29 19:30:00,fdc,資料採集,Fab 12B,General,Log 傳輸佇列累積,短暫網路震盪導致 FDC Log 採集有 30 秒延遲,張組長
INC-20260529-1268,2026-05-29 08:18:00,fdc,模型維護,Fab 12A,Tool-15,模型微調通知,例行性 FDC 演算法閾值微調驗證,王作業員
INC-20260529-1269,2026-05-29 16:25:00,others,週邊設備,Fab 14A,General,印表機連線異常,標籤列印機無法收到網路列印指令,趙技術員
INC-20260529-1270,2026-05-29 11:18:00,others,帳號與權限,Fab 12A,Tool-52,新帳號權限開通,廠端新進作業員申請基礎檢視權限,黃專員
INC-20260530-1271,2026-05-30 20:23:00,ees,零件壽命,Fab 14B,Tool-59,Parts 壽命計數未重置,更換消耗性零件後，EES 介面仍顯示壽命過期警告,劉工程師
INC-20260530-1272,2026-05-30 15:44:00,tcs/tap,自動搬運,Fab 14A,Tool-76,搬運指令確認,自動搬運系統指令重試後成功進料,趙技術員
INC-20260530-1273,2026-05-30 19:27:00,fdc,模型維護,Fab 14B,Tool-33,模型微調通知,例行性 FDC 演算法閾值微調驗證,陳技術員
INC-20260530-1274,2026-05-30 09:05:00,others,帳號與權限,Fab 18,General,新帳號權限開通,廠端新進作業員申請基礎檢視權限,黃專員
INC-20260530-1275,2026-05-30 17:45:00,others,帳號與權限,Fab 12B,Tool-54,新帳號權限開通,廠端新進作業員申請基礎檢視權限,劉工程師
INC-20260531-1276,2026-05-31 19:55:00,ees,PM保養,Fab 15,Tool-45,PM 保養工單結案失敗,機台完成年度 PM 後，於 EES 點選完工無法同步更新狀態,黃專員
INC-20260531-1277,2026-05-31 18:40:00,tcs/tap,派工作業,Fab 14A,Tool-96,單一機台派工等待,機台換批時派工佇列稍有延遲，重整後已正常,劉工程師
INC-20260531-1278,2026-05-31 10:54:00,fdc,腔體警報,Fab 12A,General,腔體壓力單點警報,腔體即時壓力短暫碰觸 UCL 邊界，隨後恢復正常,趙技術員
INC-20260531-1279,2026-05-31 13:23:00,others,帳號與權限,Fab 15,General,密碼重設申請,工程師忘記密碼導致帳號被鎖定,劉工程師
INC-20260531-1280,2026-05-31 18:28:00,others,週邊設備,Fab 14A,Tool-19,印表機連線異常,標籤列印機無法收到網路列印指令,黃專員
INC-20260531-1281,2026-05-31 10:33:00,others,帳號與權限,Fab 14B,General,新帳號權限開通,廠端新進作業員申請基礎檢視權限,黃專員
INC-20260601-1282,2026-06-01 09:01:00,ees,PM保養,Fab 14B,Tool-81,PM 保養工單結案失敗,機台完成年度 PM 後，於 EES 點選完工無法同步更新狀態,張組長
INC-20260601-1283,2026-06-01 20:16:00,tcs/tap,報表與查詢,Fab 12B,Tool-46,搬運歷史紀錄匯出,工程師申請匯出昨日 OHT 搬運統計報表,趙技術員
INC-20260601-1284,2026-06-01 15:12:00,tcs/tap,派工作業,Fab 12B,Tool-67,單一機台派工等待,機台換批時派工佇列稍有延遲，重整後已正常,陳技術員
INC-20260601-1285,2026-06-01 15:05:00,fdc,感測器異常,Fab 18,General,Sensor 取樣頻率異常,偵測到單一 Sensor SVID 採樣週期跳動，已通知設備檢查,黃專員
INC-20260601-1286,2026-06-01 16:34:00,fdc,腔體警報,Fab 14A,Tool-99,腔體壓力單點警報,腔體即時壓力短暫碰觸 UCL 邊界，隨後恢復正常,李副理
INC-20260601-1287,2026-06-01 20:23:00,fdc,腔體警報,Fab 12A,Tool-27,腔體壓力單點警報,腔體即時壓力短暫碰觸 UCL 邊界，隨後恢復正常,王作業員
INC-20260601-1288,2026-06-01 08:23:00,others,帳號與權限,Fab 14B,Tool-80,密碼重設申請,工程師忘記密碼導致帳號被鎖定,黃專員
INC-20260601-1289,2026-06-01 17:56:00,others,週邊設備,Fab 12A,General,印表機連線異常,標籤列印機無法收到網路列印指令,陳技術員
INC-20260602-1290,2026-06-02 15:33:00,ees,配方管理,Fab 14B,Tool-19,Recipe 參數上傳逾時,設備工程師修改參數後上傳 EES 主機回應逾時,劉工程師
INC-20260602-1291,2026-06-02 13:41:00,ees,零件壽命,Fab 14B,Tool-76,Parts 壽命計數未重置,更換消耗性零件後，EES 介面仍顯示壽命過期警告,陳技術員
INC-20260602-1292,2026-06-02 10:56:00,ees,PM保養,Fab 12B,Tool-17,PM 保養工單結案失敗,機台完成年度 PM 後，於 EES 點選完工無法同步更新狀態,張組長
INC-20260602-1293,2026-06-02 10:19:00,tcs/tap,報表與查詢,Fab 12B,General,搬運歷史紀錄匯出,工程師申請匯出昨日 OHT 搬運統計報表,張組長
INC-20260602-1294,2026-06-02 11:22:00,tcs/tap,報表與查詢,Fab 12A,General,搬運歷史紀錄匯出,工程師申請匯出昨日 OHT 搬運統計報表,李副理
INC-20260602-1295,2026-06-02 16:17:00,tcs/tap,帳號與權限,Fab 18,General,操作員權限異動,作業員請假交接，暫時調整 TAP 機台控制權限,張組長
INC-20260602-1296,2026-06-02 16:41:00,fdc,腔體警報,Fab 15,Tool-29,腔體壓力單點警報,腔體即時壓力短暫碰觸 UCL 邊界，隨後恢復正常,張組長
INC-20260602-1297,2026-06-02 17:46:00,others,帳號與權限,Fab 15,General,密碼重設申請,工程師忘記密碼導致帳號被鎖定,黃專員
INC-20260602-1298,2026-06-02 09:02:00,others,週邊設備,Fab 18,General,印表機連線異常,標籤列印機無法收到網路列印指令,李副理
INC-20260602-1299,2026-06-02 14:39:00,others,帳號與權限,Fab 14B,Tool-79,新帳號權限開通,廠端新進作業員申請基礎檢視權限,林工程師
INC-20260603-1300,2026-06-03 12:30:00,ees,PM保養,Fab 18,Tool-68,PM 保養工單結案失敗,機台完成年度 PM 後，於 EES 點選完工無法同步更新狀態,王作業員
INC-20260603-1301,2026-06-03 19:03:00,ees,配方管理,Fab 14B,Tool-69,Recipe 參數上傳逾時,設備工程師修改參數後上傳 EES 主機回應逾時,張組長
INC-20260603-1302,2026-06-03 13:38:00,ees,零件壽命,Fab 14A,Tool-50,Parts 壽命計數未重置,更換消耗性零件後，EES 介面仍顯示壽命過期警告,張組長
INC-20260603-1303,2026-06-03 10:48:00,tcs/tap,派工作業,Fab 15,Tool-50,單一機台派工等待,機台換批時派工佇列稍有延遲，重整後已正常,黃專員
INC-20260603-1304,2026-06-03 15:07:00,tcs/tap,設備通訊,Fab 14B,General,Load Port 載入訊號延遲,OHT 天車放置晶圓盒後，TAP 交握訊號延遲約 10 秒,李副理
INC-20260603-1305,2026-06-03 12:24:00,fdc,模型維護,Fab 12B,Tool-30,模型微調通知,例行性 FDC 演算法閾值微調驗證,劉工程師
INC-20260603-1306,2026-06-03 19:20:00,others,帳號與權限,Fab 12B,Tool-75,新帳號權限開通,廠端新進作業員申請基礎檢視權限,王作業員
INC-20260603-1307,2026-06-03 15:56:00,others,帳號與權限,Fab 14B,General,新帳號權限開通,廠端新進作業員申請基礎檢視權限,李副理
INC-20260603-1308,2026-06-03 16:29:00,others,帳號與權限,Fab 12B,Tool-16,密碼重設申請,工程師忘記密碼導致帳號被鎖定,王作業員
INC-20260604-1309,2026-06-04 15:38:00,ees,帳號與權限,Fab 14A,Tool-23,權限開通申請,廠端新進作業員申請基礎檢視權限,趙技術員
INC-20260604-1310,2026-06-04 10:56:00,ees,帳號與權限,Fab 18,General,權限開通申請,廠端新進作業員申請基礎檢視權限,李副理
INC-20260604-1311,2026-06-04 08:25:00,tcs/tap,帳號與權限,Fab 15,Tool-56,操作員權限異動,作業員請假交接，暫時調整 TAP 機台控制權限,林工程師
INC-20260604-1312,2026-06-04 12:04:00,tcs/tap,自動搬運,Fab 15,Tool-80,搬運指令確認,自動搬運系統指令重試後成功進料,劉工程師
INC-20260604-1313,2026-06-04 18:39:00,fdc,模型維護,Fab 12B,Tool-60,模型微調通知,例行性 FDC 演算法閾值微調驗證,陳技術員
INC-20260604-1314,2026-06-04 20:21:00,fdc,資料採集,Fab 12B,General,Log 傳輸佇列累積,短暫網路震盪導致 FDC Log 採集有 30 秒延遲,黃專員
INC-20260604-1315,2026-06-04 16:02:00,fdc,模型維護,Fab 12A,General,模型微調通知,例行性 FDC 演算法閾值微調驗證,林工程師
INC-20260604-1316,2026-06-04 16:29:00,others,帳號與權限,Fab 15,Tool-27,新帳號權限開通,廠端新進作業員申請基礎檢視權限,張組長
INC-20260604-1317,2026-06-04 17:20:00,others,週邊設備,Fab 14B,Tool-48,印表機連線異常,標籤列印機無法收到網路列印指令,張組長
INC-20260605-1318,2026-06-05 16:53:00,ees,PM保養,Fab 18,Tool-70,PM 保養工單結案失敗,機台完成年度 PM 後，於 EES 點選完工無法同步更新狀態,趙技術員
INC-20260605-1319,2026-06-05 13:21:00,ees,PM保養,Fab 14B,Tool-98,PM 保養工單結案失敗,機台完成年度 PM 後，於 EES 點選完工無法同步更新狀態,陳技術員
INC-20260605-1320,2026-06-05 15:16:00,tcs/tap,系統效能,Fab 18,General,主機回應微幅延遲,尖峰排程時段 TCS 主機反應時間稍有波動,王作業員
INC-20260605-1321,2026-06-05 10:33:00,tcs/tap,設備通訊,Fab 12B,Tool-41,Load Port 載入訊號延遲,OHT 天車放置晶圓盒後，TAP 交握訊號延遲約 10 秒,劉工程師
INC-20260605-1322,2026-06-05 17:44:00,tcs/tap,自動搬運,Fab 12B,General,搬運指令確認,自動搬運系統指令重試後成功進料,陳技術員
INC-20260605-1323,2026-06-05 10:26:00,fdc,資料採集,Fab 14B,Tool-88,Log 傳輸佇列累積,短暫網路震盪導致 FDC Log 採集有 30 秒延遲,王作業員
INC-20260605-1324,2026-06-05 19:46:00,fdc,腔體警報,Fab 18,General,腔體壓力單點警報,腔體即時壓力短暫碰觸 UCL 邊界，隨後恢復正常,林工程師
INC-20260605-1325,2026-06-05 13:42:00,others,帳號與權限,Fab 15,General,密碼重設申請,工程師忘記密碼導致帳號被鎖定,趙技術員
INC-20260605-1326,2026-06-05 15:58:00,others,週邊設備,Fab 15,General,印表機連線異常,標籤列印機無法收到網路列印指令,黃專員
INC-20260605-1327,2026-06-05 18:41:00,others,帳號與權限,Fab 15,Tool-41,新帳號權限開通,廠端新進作業員申請基礎檢視權限,李副理
INC-20260606-1328,2026-06-06 12:14:00,ees,帳號與權限,Fab 14A,Tool-98,權限開通申請,廠端新進作業員申請基礎檢視權限,李副理
INC-20260606-1329,2026-06-06 13:30:00,ees,零件壽命,Fab 15,Tool-45,Parts 壽命計數未重置,更換消耗性零件後，EES 介面仍顯示壽命過期警告,黃專員
INC-20260606-1330,2026-06-06 09:36:00,ees,零件壽命,Fab 14B,Tool-28,Parts 壽命計數未重置,更換消耗性零件後，EES 介面仍顯示壽命過期警告,劉工程師
INC-20260606-1331,2026-06-06 12:45:00,tcs/tap,自動搬運,Fab 14A,Tool-93,搬運指令確認,自動搬運系統指令重試後成功進料,陳技術員
INC-20260606-1332,2026-06-06 15:13:00,fdc,模型維護,Fab 15,General,模型微調通知,例行性 FDC 演算法閾值微調驗證,王作業員
INC-20260606-1333,2026-06-06 10:06:00,fdc,腔體警報,Fab 12B,General,腔體壓力單點警報,腔體即時壓力短暫碰觸 UCL 邊界，隨後恢復正常,王作業員
INC-20260606-1334,2026-06-06 18:14:00,fdc,感測器異常,Fab 12A,Tool-70,Sensor 取樣頻率異常,偵測到單一 Sensor SVID 採樣週期跳動，已通知設備檢查,林工程師
INC-20260606-1335,2026-06-06 20:08:00,others,帳號與權限,Fab 15,Tool-30,新帳號權限開通,廠端新進作業員申請基礎檢視權限,林工程師
INC-20260606-1336,2026-06-06 18:59:00,others,帳號與權限,Fab 14B,Tool-46,新帳號權限開通,廠端新進作業員申請基礎檢視權限,趙技術員
INC-20260606-1337,2026-06-06 12:41:00,others,週邊設備,Fab 12A,Tool-39,印表機連線異常,標籤列印機無法收到網路列印指令,林工程師
INC-20260607-1338,2026-06-07 19:54:00,ees,PM保養,Fab 12B,Tool-32,PM 保養工單結案失敗,機台完成年度 PM 後，於 EES 點選完工無法同步更新狀態,林工程師
INC-20260607-1339,2026-06-07 14:50:00,ees,PM保養,Fab 12B,Tool-47,PM 保養工單結案失敗,機台完成年度 PM 後，於 EES 點選完工無法同步更新狀態,趙技術員
INC-20260607-1340,2026-06-07 08:19:00,ees,帳號與權限,Fab 14A,General,權限開通申請,廠端新進作業員申請基礎檢視權限,陳技術員
INC-20260607-1341,2026-06-07 16:29:00,tcs/tap,派工作業,Fab 12B,Tool-52,單一機台派工等待,機台換批時派工佇列稍有延遲，重整後已正常,李副理
INC-20260607-1342,2026-06-07 15:41:00,fdc,模型維護,Fab 18,General,模型微調通知,例行性 FDC 演算法閾值微調驗證,李副理
INC-20260607-1343,2026-06-07 20:18:00,fdc,資料採集,Fab 12B,Tool-91,Log 傳輸佇列累積,短暫網路震盪導致 FDC Log 採集有 30 秒延遲,王作業員
INC-20260607-1344,2026-06-07 14:32:00,fdc,腔體警報,Fab 12A,Tool-22,腔體壓力單點警報,腔體即時壓力短暫碰觸 UCL 邊界，隨後恢復正常,黃專員
INC-20260607-1345,2026-06-07 15:20:00,others,帳號與權限,Fab 12A,General,密碼重設申請,工程師忘記密碼導致帳號被鎖定,王作業員
INC-20260608-1346,2026-06-08 20:17:00,ees,PM保養,Fab 14A,Tool-83,PM 保養工單結案失敗,機台完成年度 PM 後，於 EES 點選完工無法同步更新狀態,黃專員
INC-20260608-1347,2026-06-08 12:41:00,ees,PM保養,Fab 18,General,PM 保養工單結案失敗,機台完成年度 PM 後，於 EES 點選完工無法同步更新狀態,黃專員
INC-20260608-1348,2026-06-08 12:10:00,tcs/tap,報表與查詢,Fab 18,Tool-49,搬運歷史紀錄匯出,工程師申請匯出昨日 OHT 搬運統計報表,劉工程師
INC-20260608-1349,2026-06-08 09:40:00,tcs/tap,派工作業,Fab 14A,Tool-38,單一機台派工等待,機台換批時派工佇列稍有延遲，重整後已正常,李副理
INC-20260608-1350,2026-06-08 10:29:00,fdc,腔體警報,Fab 14B,Tool-70,腔體壓力單點警報,腔體即時壓力短暫碰觸 UCL 邊界，隨後恢復正常,黃專員
INC-20260608-1351,2026-06-08 20:15:00,fdc,感測器異常,Fab 15,Tool-56,Sensor 取樣頻率異常,偵測到單一 Sensor SVID 採樣週期跳動，已通知設備檢查,陳技術員
INC-20260608-1352,2026-06-08 09:03:00,others,帳號與權限,Fab 15,Tool-31,新帳號權限開通,廠端新進作業員申請基礎檢視權限,王作業員
INC-20260608-1353,2026-06-08 16:28:00,others,週邊設備,Fab 18,General,印表機連線異常,標籤列印機無法收到網路列印指令,陳技術員
INC-20260608-1354,2026-06-08 15:05:00,others,帳號與權限,Fab 12A,Tool-75,新帳號權限開通,廠端新進作業員申請基礎檢視權限,趙技術員
INC-20260609-1355,2026-06-09 17:03:00,ees,帳號與權限,Fab 18,Tool-12,權限開通申請,廠端新進作業員申請基礎檢視權限,趙技術員
INC-20260609-1356,2026-06-09 12:52:00,ees,PM保養,Fab 18,General,PM 保養工單結案失敗,機台完成年度 PM 後，於 EES 點選完工無法同步更新狀態,林工程師
INC-20260609-1357,2026-06-09 14:22:00,tcs/tap,系統效能,Fab 15,Tool-18,主機回應微幅延遲,尖峰排程時段 TCS 主機反應時間稍有波動,陳技術員
INC-20260609-1358,2026-06-09 12:26:00,fdc,資料採集,Fab 12B,Tool-92,Log 傳輸佇列累積,短暫網路震盪導致 FDC Log 採集有 30 秒延遲,張組長
INC-20260609-1359,2026-06-09 14:28:00,others,週邊設備,Fab 14B,General,印表機連線異常,標籤列印機無法收到網路列印指令,劉工程師
INC-20260609-1360,2026-06-09 16:08:00,others,週邊設備,Fab 12A,General,印表機連線異常,標籤列印機無法收到網路列印指令,黃專員
INC-20260610-1361,2026-06-10 16:08:00,ees,帳號與權限,Fab 12A,Tool-48,權限開通申請,廠端新進作業員申請基礎檢視權限,王作業員
INC-20260610-1362,2026-06-10 18:46:00,ees,配方管理,Fab 15,General,Recipe 參數上傳逾時,設備工程師修改參數後上傳 EES 主機回應逾時,劉工程師
INC-20260610-1363,2026-06-10 15:22:00,tcs/tap,報表與查詢,Fab 14A,General,搬運歷史紀錄匯出,工程師申請匯出昨日 OHT 搬運統計報表,張組長
INC-20260610-1364,2026-06-10 08:51:00,fdc,腔體警報,Fab 15,Tool-12,腔體壓力單點警報,腔體即時壓力短暫碰觸 UCL 邊界，隨後恢復正常,劉工程師
INC-20260610-1365,2026-06-10 09:06:00,others,帳號與權限,Fab 14B,Tool-16,密碼重設申請,工程師忘記密碼導致帳號被鎖定,林工程師
INC-20260611-1366,2026-06-11 08:25:00,ees,配方管理,Fab 12B,Tool-17,Recipe 參數上傳逾時,設備工程師修改參數後上傳 EES 主機回應逾時,趙技術員
INC-20260611-1367,2026-06-11 16:18:00,ees,零件壽命,Fab 18,Tool-83,Parts 壽命計數未重置,更換消耗性零件後，EES 介面仍顯示壽命過期警告,王作業員
INC-20260611-1368,2026-06-11 11:19:00,ees,零件壽命,Fab 18,Tool-62,Parts 壽命計數未重置,更換消耗性零件後，EES 介面仍顯示壽命過期警告,張組長
INC-20260611-1369,2026-06-11 08:35:00,tcs/tap,系統效能,Fab 18,Tool-81,主機回應微幅延遲,尖峰排程時段 TCS 主機反應時間稍有波動,張組長
INC-20260611-1370,2026-06-11 08:22:00,tcs/tap,系統效能,Fab 15,General,主機回應微幅延遲,尖峰排程時段 TCS 主機反應時間稍有波動,劉工程師
INC-20260611-1371,2026-06-11 10:19:00,fdc,腔體警報,Fab 12B,Tool-70,腔體壓力單點警報,腔體即時壓力短暫碰觸 UCL 邊界，隨後恢復正常,劉工程師
INC-20260611-1372,2026-06-11 11:19:00,fdc,資料採集,Fab 14B,Tool-81,Log 傳輸佇列累積,短暫網路震盪導致 FDC Log 採集有 30 秒延遲,張組長
INC-20260611-1373,2026-06-11 16:33:00,others,帳號與權限,Fab 14B,General,密碼重設申請,工程師忘記密碼導致帳號被鎖定,張組長
INC-20260611-1374,2026-06-11 13:41:00,others,週邊設備,Fab 14B,Tool-21,印表機連線異常,標籤列印機無法收到網路列印指令,陳技術員
INC-20260612-1375,2026-06-12 11:03:00,ees,PM保養,Fab 14B,Tool-87,PM 保養工單結案失敗,機台完成年度 PM 後，於 EES 點選完工無法同步更新狀態,李副理
INC-20260612-1376,2026-06-12 09:12:00,ees,零件壽命,Fab 14B,General,Parts 壽命計數未重置,更換消耗性零件後，EES 介面仍顯示壽命過期警告,王作業員
INC-20260612-1377,2026-06-12 12:58:00,ees,帳號與權限,Fab 12B,Tool-25,權限開通申請,廠端新進作業員申請基礎檢視權限,林工程師
INC-20260612-1378,2026-06-12 19:38:00,tcs/tap,自動搬運,Fab 14B,Tool-80,搬運指令確認,自動搬運系統指令重試後成功進料,王作業員
INC-20260612-1379,2026-06-12 14:29:00,fdc,資料採集,Fab 14A,General,Log 傳輸佇列累積,短暫網路震盪導致 FDC Log 採集有 30 秒延遲,黃專員
INC-20260612-1380,2026-06-12 15:06:00,fdc,模型維護,Fab 14A,Tool-57,模型微調通知,例行性 FDC 演算法閾值微調驗證,趙技術員
INC-20260612-1381,2026-06-12 08:36:00,others,帳號與權限,Fab 18,General,新帳號權限開通,廠端新進作業員申請基礎檢視權限,王作業員
INC-20260612-1382,2026-06-12 16:59:00,others,帳號與權限,Fab 14A,General,新帳號權限開通,廠端新進作業員申請基礎檢視權限,劉工程師
INC-20260613-1383,2026-06-13 14:36:00,ees,零件壽命,Fab 14B,Tool-97,Parts 壽命計數未重置,更換消耗性零件後，EES 介面仍顯示壽命過期警告,王作業員
INC-20260613-1384,2026-06-13 20:52:00,tcs/tap,系統效能,Fab 18,Tool-72,主機回應微幅延遲,尖峰排程時段 TCS 主機反應時間稍有波動,趙技術員
INC-20260613-1385,2026-06-13 10:46:00,tcs/tap,帳號與權限,Fab 12B,General,操作員權限異動,作業員請假交接，暫時調整 TAP 機台控制權限,黃專員
INC-20260613-1386,2026-06-13 10:58:00,fdc,感測器異常,Fab 15,General,Sensor 取樣頻率異常,偵測到單一 Sensor SVID 採樣週期跳動，已通知設備檢查,林工程師
INC-20260613-1387,2026-06-13 18:03:00,fdc,腔體警報,Fab 14B,General,腔體壓力單點警報,腔體即時壓力短暫碰觸 UCL 邊界，隨後恢復正常,林工程師
INC-20260613-1388,2026-06-13 19:09:00,others,帳號與權限,Fab 12B,Tool-57,密碼重設申請,工程師忘記密碼導致帳號被鎖定,林工程師
INC-20260614-1389,2026-06-14 18:42:00,ees,帳號與權限,Fab 18,Tool-10,權限開通申請,廠端新進作業員申請基礎檢視權限,趙技術員
INC-20260614-1390,2026-06-14 08:01:00,ees,帳號與權限,Fab 15,Tool-12,權限開通申請,廠端新進作業員申請基礎檢視權限,李副理
INC-20260614-1391,2026-06-14 20:58:00,ees,配方管理,Fab 12A,Tool-77,Recipe 參數上傳逾時,設備工程師修改參數後上傳 EES 主機回應逾時,張組長
INC-20260614-1392,2026-06-14 11:39:00,tcs/tap,系統效能,Fab 14A,General,主機回應微幅延遲,尖峰排程時段 TCS 主機反應時間稍有波動,李副理
INC-20260614-1393,2026-06-14 13:25:00,fdc,腔體警報,Fab 15,General,腔體壓力單點警報,腔體即時壓力短暫碰觸 UCL 邊界，隨後恢復正常,趙技術員
INC-20260614-1394,2026-06-14 18:52:00,others,帳號與權限,Fab 18,Tool-93,密碼重設申請,工程師忘記密碼導致帳號被鎖定,陳技術員
INC-20260614-1395,2026-06-14 09:25:00,others,週邊設備,Fab 14B,Tool-17,印表機連線異常,標籤列印機無法收到網路列印指令,劉工程師
INC-20260615-1396,2026-06-15 19:10:00,ees,零件壽命,Fab 14B,Tool-92,Parts 壽命計數未重置,更換消耗性零件後，EES 介面仍顯示壽命過期警告,陳技術員
INC-20260615-1397,2026-06-15 09:57:00,tcs/tap,報表與查詢,Fab 12B,General,搬運歷史紀錄匯出,工程師申請匯出昨日 OHT 搬運統計報表,林工程師
INC-20260615-1398,2026-06-15 17:30:00,tcs/tap,自動搬運,Fab 12A,Tool-97,搬運指令確認,自動搬運系統指令重試後成功進料,李副理
INC-20260615-1399,2026-06-15 16:36:00,tcs/tap,設備通訊,Fab 12B,Tool-50,Load Port 載入訊號延遲,OHT 天車放置晶圓盒後，TAP 交握訊號延遲約 10 秒,林工程師
INC-20260615-1400,2026-06-15 17:09:00,fdc,腔體警報,Fab 12A,General,腔體壓力單點警報,腔體即時壓力短暫碰觸 UCL 邊界，隨後恢復正常,劉工程師
INC-20260615-1401,2026-06-15 14:43:00,others,週邊設備,Fab 14B,Tool-27,印表機連線異常,標籤列印機無法收到網路列印指令,黃專員
INC-20260615-1402,2026-06-15 19:05:00,others,帳號與權限,Fab 12A,General,密碼重設申請,工程師忘記密碼導致帳號被鎖定,黃專員
INC-20260615-1403,2026-06-15 09:21:00,others,帳號與權限,Fab 14A,General,新帳號權限開通,廠端新進作業員申請基礎檢視權限,劉工程師
INC-20260616-1404,2026-06-16 15:14:00,ees,配方管理,Fab 15,Tool-65,Recipe 參數上傳逾時,設備工程師修改參數後上傳 EES 主機回應逾時,黃專員
INC-20260616-1405,2026-06-16 18:37:00,ees,配方管理,Fab 12A,Tool-47,Recipe 參數上傳逾時,設備工程師修改參數後上傳 EES 主機回應逾時,劉工程師
INC-20260616-1406,2026-06-16 09:05:00,tcs/tap,報表與查詢,Fab 12B,General,搬運歷史紀錄匯出,工程師申請匯出昨日 OHT 搬運統計報表,李副理
INC-20260616-1407,2026-06-16 10:47:00,tcs/tap,設備通訊,Fab 14A,General,Load Port 載入訊號延遲,OHT 天車放置晶圓盒後，TAP 交握訊號延遲約 10 秒,劉工程師
INC-20260616-1408,2026-06-16 08:19:00,tcs/tap,派工作業,Fab 14A,Tool-23,單一機台派工等待,機台換批時派工佇列稍有延遲，重整後已正常,趙技術員
INC-20260616-1409,2026-06-16 10:27:00,fdc,感測器異常,Fab 15,Tool-62,Sensor 取樣頻率異常,偵測到單一 Sensor SVID 採樣週期跳動，已通知設備檢查,趙技術員
INC-20260616-1410,2026-06-16 09:22:00,others,帳號與權限,Fab 15,Tool-51,新帳號權限開通,廠端新進作業員申請基礎檢視權限,陳技術員
INC-20260617-1411,2026-06-17 12:26:00,ees,配方管理,Fab 12A,Tool-81,Recipe 參數上傳逾時,設備工程師修改參數後上傳 EES 主機回應逾時,劉工程師
INC-20260617-1412,2026-06-17 16:10:00,tcs/tap,自動搬運,Fab 12B,General,搬運指令確認,自動搬運系統指令重試後成功進料,劉工程師
INC-20260617-1413,2026-06-17 12:31:00,tcs/tap,自動搬運,Fab 12A,General,搬運指令確認,自動搬運系統指令重試後成功進料,張組長
INC-20260617-1414,2026-06-17 14:19:00,tcs/tap,派工作業,Fab 12A,General,單一機台派工等待,機台換批時派工佇列稍有延遲，重整後已正常,趙技術員
INC-20260617-1415,2026-06-17 18:31:00,fdc,模型維護,Fab 14B,General,模型微調通知,例行性 FDC 演算法閾值微調驗證,王作業員
INC-20260617-1416,2026-06-17 08:25:00,fdc,模型維護,Fab 15,General,模型微調通知,例行性 FDC 演算法閾值微調驗證,黃專員
INC-20260617-1417,2026-06-17 15:21:00,fdc,模型維護,Fab 18,Tool-27,模型微調通知,例行性 FDC 演算法閾值微調驗證,劉工程師
INC-20260617-1418,2026-06-17 17:44:00,others,帳號與權限,Fab 14B,General,新帳號權限開通,廠端新進作業員申請基礎檢視權限,王作業員
INC-20260617-1419,2026-06-17 13:18:00,others,帳號與權限,Fab 15,Tool-51,新帳號權限開通,廠端新進作業員申請基礎檢視權限,趙技術員
INC-20260618-1420,2026-06-18 20:25:00,ees,配方管理,Fab 12A,Tool-35,Recipe 參數上傳逾時,設備工程師修改參數後上傳 EES 主機回應逾時,黃專員
INC-20260618-1421,2026-06-18 18:49:00,ees,帳號與權限,Fab 18,Tool-36,權限開通申請,廠端新進作業員申請基礎檢視權限,林工程師
INC-20260618-1422,2026-06-18 19:04:00,tcs/tap,自動搬運,Fab 18,Tool-91,搬運指令確認,自動搬運系統指令重試後成功進料,劉工程師
INC-20260618-1423,2026-06-18 11:16:00,tcs/tap,設備通訊,Fab 18,Tool-58,Load Port 載入訊號延遲,OHT 天車放置晶圓盒後，TAP 交握訊號延遲約 10 秒,張組長
INC-20260618-1424,2026-06-18 17:30:00,fdc,資料採集,Fab 15,Tool-98,Log 傳輸佇列累積,短暫網路震盪導致 FDC Log 採集有 30 秒延遲,劉工程師
INC-20260618-1425,2026-06-18 16:02:00,fdc,感測器異常,Fab 18,Tool-78,Sensor 取樣頻率異常,偵測到單一 Sensor SVID 採樣週期跳動，已通知設備檢查,黃專員
INC-20260618-1426,2026-06-18 20:15:00,others,週邊設備,Fab 12B,Tool-15,印表機連線異常,標籤列印機無法收到網路列印指令,黃專員
INC-20260619-1427,2026-06-19 18:41:00,ees,PM保養,Fab 14A,Tool-65,PM 保養工單結案失敗,機台完成年度 PM 後，於 EES 點選完工無法同步更新狀態,劉工程師
INC-20260619-1428,2026-06-19 08:06:00,ees,配方管理,Fab 12B,Tool-76,Recipe 參數上傳逾時,設備工程師修改參數後上傳 EES 主機回應逾時,李副理
INC-20260619-1429,2026-06-19 15:23:00,ees,配方管理,Fab 14B,Tool-85,Recipe 參數上傳逾時,設備工程師修改參數後上傳 EES 主機回應逾時,劉工程師
INC-20260619-1430,2026-06-19 08:30:00,tcs/tap,設備通訊,Fab 14A,Tool-20,Load Port 載入訊號延遲,OHT 天車放置晶圓盒後，TAP 交握訊號延遲約 10 秒,陳技術員
INC-20260619-1431,2026-06-19 19:09:00,tcs/tap,派工作業,Fab 14A,General,單一機台派工等待,機台換批時派工佇列稍有延遲，重整後已正常,黃專員
INC-20260619-1432,2026-06-19 15:22:00,fdc,資料採集,Fab 12A,Tool-99,Log 傳輸佇列累積,短暫網路震盪導致 FDC Log 採集有 30 秒延遲,趙技術員
INC-20260619-1433,2026-06-19 13:04:00,fdc,感測器異常,Fab 12A,Tool-24,Sensor 取樣頻率異常,偵測到單一 Sensor SVID 採樣週期跳動，已通知設備檢查,李副理
INC-20260619-1434,2026-06-19 13:41:00,fdc,腔體警報,Fab 18,Tool-41,腔體壓力單點警報,腔體即時壓力短暫碰觸 UCL 邊界，隨後恢復正常,陳技術員
INC-20260619-1435,2026-06-19 10:21:00,others,帳號與權限,Fab 14B,General,新帳號權限開通,廠端新進作業員申請基礎檢視權限,劉工程師
INC-20260619-1436,2026-06-19 18:11:00,others,帳號與權限,Fab 18,Tool-60,密碼重設申請,工程師忘記密碼導致帳號被鎖定,張組長
INC-20260619-1437,2026-06-19 19:39:00,others,帳號與權限,Fab 14B,Tool-59,密碼重設申請,工程師忘記密碼導致帳號被鎖定,王作業員
INC-20260620-1438,2026-06-20 11:13:00,ees,PM保養,Fab 18,Tool-18,PM 保養工單結案失敗,機台完成年度 PM 後，於 EES 點選完工無法同步更新狀態,李副理
INC-20260620-1439,2026-06-20 20:55:00,ees,帳號與權限,Fab 14A,General,權限開通申請,廠端新進作業員申請基礎檢視權限,張組長
INC-20260620-1440,2026-06-20 09:16:00,ees,帳號與權限,Fab 15,Tool-50,權限開通申請,廠端新進作業員申請基礎檢視權限,趙技術員
INC-20260620-1441,2026-06-20 14:37:00,tcs/tap,系統效能,Fab 14A,General,主機回應微幅延遲,尖峰排程時段 TCS 主機反應時間稍有波動,陳技術員
INC-20260620-1442,2026-06-20 17:11:00,tcs/tap,派工作業,Fab 15,Tool-96,單一機台派工等待,機台換批時派工佇列稍有延遲，重整後已正常,李副理
INC-20260620-1443,2026-06-20 13:07:00,tcs/tap,自動搬運,Fab 14A,General,搬運指令確認,自動搬運系統指令重試後成功進料,王作業員
INC-20260620-1444,2026-06-20 10:32:00,fdc,資料採集,Fab 14B,Tool-83,Log 傳輸佇列累積,短暫網路震盪導致 FDC Log 採集有 30 秒延遲,劉工程師
INC-20260620-1445,2026-06-20 14:11:00,fdc,腔體警報,Fab 18,Tool-92,腔體壓力單點警報,腔體即時壓力短暫碰觸 UCL 邊界，隨後恢復正常,趙技術員
INC-20260620-1446,2026-06-20 16:10:00,fdc,模型維護,Fab 14A,General,模型微調通知,例行性 FDC 演算法閾值微調驗證,趙技術員
INC-20260620-1447,2026-06-20 17:03:00,others,帳號與權限,Fab 12A,Tool-34,新帳號權限開通,廠端新進作業員申請基礎檢視權限,黃專員
INC-20260620-1448,2026-06-20 16:32:00,others,週邊設備,Fab 14B,Tool-63,印表機連線異常,標籤列印機無法收到網路列印指令,趙技術員
INC-20260621-1449,2026-06-21 15:10:00,ees,配方管理,Fab 15,General,Recipe 參數上傳逾時,設備工程師修改參數後上傳 EES 主機回應逾時,陳技術員
INC-20260621-1450,2026-06-21 12:02:00,ees,帳號與權限,Fab 12B,Tool-31,權限開通申請,廠端新進作業員申請基礎檢視權限,李副理
INC-20260621-1451,2026-06-21 19:49:00,tcs/tap,設備通訊,Fab 15,Tool-83,Load Port 載入訊號延遲,OHT 天車放置晶圓盒後，TAP 交握訊號延遲約 10 秒,趙技術員
INC-20260621-1452,2026-06-21 12:49:00,tcs/tap,報表與查詢,Fab 15,Tool-15,搬運歷史紀錄匯出,工程師申請匯出昨日 OHT 搬運統計報表,黃專員
INC-20260621-1453,2026-06-21 15:34:00,tcs/tap,報表與查詢,Fab 14B,General,搬運歷史紀錄匯出,工程師申請匯出昨日 OHT 搬運統計報表,王作業員
INC-20260621-1454,2026-06-21 12:55:00,fdc,感測器異常,Fab 14B,General,Sensor 取樣頻率異常,偵測到單一 Sensor SVID 採樣週期跳動，已通知設備檢查,林工程師
INC-20260621-1455,2026-06-21 09:49:00,others,週邊設備,Fab 12B,Tool-85,印表機連線異常,標籤列印機無法收到網路列印指令,王作業員
INC-20260621-1456,2026-06-21 13:55:00,others,帳號與權限,Fab 12B,Tool-36,密碼重設申請,工程師忘記密碼導致帳號被鎖定,劉工程師
INC-20260622-1457,2026-06-22 17:22:00,ees,零件壽命,Fab 15,Tool-51,Parts 壽命計數未重置,更換消耗性零件後，EES 介面仍顯示壽命過期警告,李副理
INC-20260622-1458,2026-06-22 17:17:00,tcs/tap,設備通訊,Fab 12B,Tool-62,Load Port 載入訊號延遲,OHT 天車放置晶圓盒後，TAP 交握訊號延遲約 10 秒,陳技術員
INC-20260622-1459,2026-06-22 12:55:00,tcs/tap,派工作業,Fab 18,Tool-41,單一機台派工等待,機台換批時派工佇列稍有延遲，重整後已正常,張組長
INC-20260622-1460,2026-06-22 13:53:00,fdc,腔體警報,Fab 18,General,腔體壓力單點警報,腔體即時壓力短暫碰觸 UCL 邊界，隨後恢復正常,王作業員
INC-20260622-1461,2026-06-22 17:40:00,fdc,感測器異常,Fab 18,Tool-67,Sensor 取樣頻率異常,偵測到單一 Sensor SVID 採樣週期跳動，已通知設備檢查,李副理
INC-20260622-1462,2026-06-22 18:50:00,fdc,模型維護,Fab 14B,Tool-45,模型微調通知,例行性 FDC 演算法閾值微調驗證,陳技術員
INC-20260622-1463,2026-06-22 15:20:00,others,帳號與權限,Fab 18,General,新帳號權限開通,廠端新進作業員申請基礎檢視權限,林工程師
INC-20260622-1464,2026-06-22 18:42:00,others,帳號與權限,Fab 12A,Tool-60,密碼重設申請,工程師忘記密碼導致帳號被鎖定,黃專員
INC-20260623-1465,2026-06-23 11:31:00,ees,配方管理,Fab 14A,Tool-53,Recipe 參數上傳逾時,設備工程師修改參數後上傳 EES 主機回應逾時,李副理
INC-20260623-1466,2026-06-23 17:54:00,ees,PM保養,Fab 14A,Tool-16,PM 保養工單結案失敗,機台完成年度 PM 後，於 EES 點選完工無法同步更新狀態,趙技術員
INC-20260623-1467,2026-06-23 18:50:00,tcs/tap,派工作業,Fab 12A,General,單一機台派工等待,機台換批時派工佇列稍有延遲，重整後已正常,趙技術員
INC-20260623-1468,2026-06-23 15:00:00,fdc,模型維護,Fab 12B,Tool-26,模型微調通知,例行性 FDC 演算法閾值微調驗證,劉工程師
INC-20260623-1469,2026-06-23 10:55:00,fdc,感測器異常,Fab 12A,Tool-42,Sensor 取樣頻率異常,偵測到單一 Sensor SVID 採樣週期跳動，已通知設備檢查,李副理
INC-20260623-1470,2026-06-23 18:57:00,others,帳號與權限,Fab 12A,General,新帳號權限開通,廠端新進作業員申請基礎檢視權限,張組長
INC-20260623-1471,2026-06-23 19:44:00,others,帳號與權限,Fab 14B,Tool-22,密碼重設申請,工程師忘記密碼導致帳號被鎖定,王作業員
INC-20260624-1472,2026-06-24 15:04:00,ees,帳號與權限,Fab 15,General,權限開通申請,廠端新進作業員申請基礎檢視權限,張組長
INC-20260624-1473,2026-06-24 08:44:00,tcs/tap,報表與查詢,Fab 12A,Tool-64,搬運歷史紀錄匯出,工程師申請匯出昨日 OHT 搬運統計報表,黃專員
INC-20260624-1474,2026-06-24 15:04:00,fdc,感測器異常,Fab 14B,General,Sensor 取樣頻率異常,偵測到單一 Sensor SVID 採樣週期跳動，已通知設備檢查,王作業員
INC-20260624-1475,2026-06-24 13:23:00,others,帳號與權限,Fab 12B,General,密碼重設申請,工程師忘記密碼導致帳號被鎖定,李副理
INC-20260625-1476,2026-06-25 18:09:00,ees,配方管理,Fab 15,Tool-88,Recipe 參數上傳逾時,設備工程師修改參數後上傳 EES 主機回應逾時,陳技術員
INC-20260625-1477,2026-06-25 15:22:00,ees,帳號與權限,Fab 18,Tool-62,權限開通申請,廠端新進作業員申請基礎檢視權限,王作業員
INC-20260625-1478,2026-06-25 11:05:00,ees,帳號與權限,Fab 12B,Tool-85,權限開通申請,廠端新進作業員申請基礎檢視權限,陳技術員
INC-20260625-1479,2026-06-25 14:20:00,tcs/tap,設備通訊,Fab 12B,General,Load Port 載入訊號延遲,OHT 天車放置晶圓盒後，TAP 交握訊號延遲約 10 秒,張組長
INC-20260625-1480,2026-06-25 11:35:00,tcs/tap,報表與查詢,Fab 18,General,搬運歷史紀錄匯出,工程師申請匯出昨日 OHT 搬運統計報表,李副理
INC-20260625-1481,2026-06-25 11:33:00,fdc,感測器異常,Fab 18,General,Sensor 取樣頻率異常,偵測到單一 Sensor SVID 採樣週期跳動，已通知設備檢查,王作業員
INC-20260625-1482,2026-06-25 20:57:00,fdc,腔體警報,Fab 14B,General,腔體壓力單點警報,腔體即時壓力短暫碰觸 UCL 邊界，隨後恢復正常,王作業員
INC-20260625-1483,2026-06-25 18:38:00,others,帳號與權限,Fab 15,Tool-11,新帳號權限開通,廠端新進作業員申請基礎檢視權限,陳技術員
INC-20260625-1484,2026-06-25 13:08:00,others,週邊設備,Fab 15,Tool-79,印表機連線異常,標籤列印機無法收到網路列印指令,劉工程師
INC-20260626-1485,2026-06-26 20:30:00,ees,零件壽命,Fab 12A,Tool-11,Parts 壽命計數未重置,更換消耗性零件後，EES 介面仍顯示壽命過期警告,陳技術員
INC-20260626-1486,2026-06-26 08:59:00,tcs/tap,報表與查詢,Fab 14B,Tool-90,搬運歷史紀錄匯出,工程師申請匯出昨日 OHT 搬運統計報表,林工程師
INC-20260626-1487,2026-06-26 20:26:00,fdc,腔體警報,Fab 18,Tool-91,腔體壓力單點警報,腔體即時壓力短暫碰觸 UCL 邊界，隨後恢復正常,劉工程師
INC-20260626-1488,2026-06-26 12:05:00,fdc,腔體警報,Fab 12A,Tool-36,腔體壓力單點警報,腔體即時壓力短暫碰觸 UCL 邊界，隨後恢復正常,李副理
INC-20260626-1489,2026-06-26 16:20:00,fdc,感測器異常,Fab 15,Tool-93,Sensor 取樣頻率異常,偵測到單一 Sensor SVID 採樣週期跳動，已通知設備檢查,劉工程師
INC-20260626-1490,2026-06-26 19:27:00,others,帳號與權限,Fab 12A,General,新帳號權限開通,廠端新進作業員申請基礎檢視權限,王作業員
INC-20260626-1491,2026-06-26 09:29:00,others,週邊設備,Fab 14A,Tool-94,印表機連線異常,標籤列印機無法收到網路列印指令,林工程師
INC-20260627-1492,2026-06-27 09:00:00,ees,帳號與權限,Fab 18,General,權限開通申請,廠端新進作業員申請基礎檢視權限,張組長
INC-20260627-1493,2026-06-27 16:33:00,tcs/tap,報表與查詢,Fab 12B,General,搬運歷史紀錄匯出,工程師申請匯出昨日 OHT 搬運統計報表,李副理
INC-20260627-1494,2026-06-27 20:55:00,tcs/tap,自動搬運,Fab 18,Tool-13,搬運指令確認,自動搬運系統指令重試後成功進料,李副理
INC-20260627-1495,2026-06-27 12:33:00,fdc,感測器異常,Fab 14A,Tool-83,Sensor 取樣頻率異常,偵測到單一 Sensor SVID 採樣週期跳動，已通知設備檢查,陳技術員
INC-20260627-1496,2026-06-27 15:29:00,fdc,腔體警報,Fab 12A,Tool-82,腔體壓力單點警報,腔體即時壓力短暫碰觸 UCL 邊界，隨後恢復正常,黃專員
INC-20260627-1497,2026-06-27 10:16:00,others,帳號與權限,Fab 15,Tool-24,密碼重設申請,工程師忘記密碼導致帳號被鎖定,陳技術員
INC-20260627-1498,2026-06-27 19:32:00,others,帳號與權限,Fab 12A,Tool-11,密碼重設申請,工程師忘記密碼導致帳號被鎖定,林工程師
INC-20260628-1499,2026-06-28 15:23:00,ees,PM保養,Fab 12B,General,PM 保養工單結案失敗,機台完成年度 PM 後，於 EES 點選完工無法同步更新狀態,劉工程師
INC-20260628-1500,2026-06-28 20:58:00,tcs/tap,系統效能,Fab 12B,General,主機回應微幅延遲,尖峰排程時段 TCS 主機反應時間稍有波動,劉工程師
INC-20260628-1501,2026-06-28 19:20:00,tcs/tap,帳號與權限,Fab 12A,Tool-25,操作員權限異動,作業員請假交接，暫時調整 TAP 機台控制權限,李副理
INC-20260628-1502,2026-06-28 18:57:00,tcs/tap,帳號與權限,Fab 12B,General,操作員權限異動,作業員請假交接，暫時調整 TAP 機台控制權限,林工程師
INC-20260628-1503,2026-06-28 14:04:00,fdc,模型維護,Fab 14A,Tool-49,模型微調通知,例行性 FDC 演算法閾值微調驗證,趙技術員
INC-20260628-1504,2026-06-28 16:29:00,others,週邊設備,Fab 14A,General,印表機連線異常,標籤列印機無法收到網路列印指令,林工程師
INC-20260629-1505,2026-06-29 19:39:00,ees,帳號與權限,Fab 14B,General,權限開通申請,廠端新進作業員申請基礎檢視權限,王作業員
INC-20260629-1506,2026-06-29 20:49:00,ees,配方管理,Fab 18,Tool-41,Recipe 參數上傳逾時,設備工程師修改參數後上傳 EES 主機回應逾時,王作業員
INC-20260629-1507,2026-06-29 14:01:00,tcs/tap,報表與查詢,Fab 15,General,搬運歷史紀錄匯出,工程師申請匯出昨日 OHT 搬運統計報表,王作業員
INC-20260629-1508,2026-06-29 13:00:00,fdc,腔體警報,Fab 18,Tool-23,腔體壓力單點警報,腔體即時壓力短暫碰觸 UCL 邊界，隨後恢復正常,劉工程師
INC-20260629-1509,2026-06-29 11:26:00,others,週邊設備,Fab 12A,Tool-28,印表機連線異常,標籤列印機無法收到網路列印指令,趙技術員
INC-20260629-1510,2026-06-29 12:05:00,others,帳號與權限,Fab 12B,Tool-76,新帳號權限開通,廠端新進作業員申請基礎檢視權限,林工程師
INC-20260629-1511,2026-06-29 19:57:00,others,週邊設備,Fab 14B,Tool-20,印表機連線異常,標籤列印機無法收到網路列印指令,黃專員
INC-20260630-1512,2026-06-30 16:08:00,ees,帳號與權限,Fab 12A,Tool-17,權限開通申請,廠端新進作業員申請基礎檢視權限,劉工程師
INC-20260630-1513,2026-06-30 10:15:00,tcs/tap,報表與查詢,Fab 14A,Tool-60,搬運歷史紀錄匯出,工程師申請匯出昨日 OHT 搬運統計報表,李副理
INC-20260630-1514,2026-06-30 19:20:00,tcs/tap,設備通訊,Fab 14B,General,Load Port 載入訊號延遲,OHT 天車放置晶圓盒後，TAP 交握訊號延遲約 10 秒,黃專員
INC-20260630-1515,2026-06-30 11:08:00,tcs/tap,系統效能,Fab 12B,General,主機回應微幅延遲,尖峰排程時段 TCS 主機反應時間稍有波動,陳技術員
INC-20260630-1516,2026-06-30 13:26:00,fdc,腔體警報,Fab 15,General,腔體壓力單點警報,腔體即時壓力短暫碰觸 UCL 邊界，隨後恢復正常,陳技術員
INC-20260630-1517,2026-06-30 15:19:00,fdc,腔體警報,Fab 14A,Tool-21,腔體壓力單點警報,腔體即時壓力短暫碰觸 UCL 邊界，隨後恢復正常,趙技術員
INC-20260630-1518,2026-06-30 12:52:00,others,帳號與權限,Fab 12B,Tool-51,密碼重設申請,工程師忘記密碼導致帳號被鎖定,林工程師
INC-20260630-1519,2026-06-30 09:45:00,others,帳號與權限,Fab 14A,General,密碼重設申請,工程師忘記密碼導致帳號被鎖定,王作業員
INC-20260630-1520,2026-06-30 18:19:00,others,帳號與權限,Fab 12B,General,新帳號權限開通,廠端新進作業員申請基礎檢視權限,李副理
INC-20260701-1521,2026-07-01 16:47:00,ees,PM保養,Fab 12A,Tool-27,PM 保養工單結案失敗,機台完成年度 PM 後，於 EES 點選完工無法同步更新狀態,王作業員
INC-20260701-1522,2026-07-01 08:03:00,ees,帳號與權限,Fab 12B,General,權限開通申請,廠端新進作業員申請基礎檢視權限,王作業員
INC-20260701-1523,2026-07-01 17:37:00,tcs/tap,設備通訊,Fab 12A,General,Load Port 載入訊號延遲,OHT 天車放置晶圓盒後，TAP 交握訊號延遲約 10 秒,李副理
INC-20260701-1524,2026-07-01 11:57:00,tcs/tap,設備通訊,Fab 12A,Tool-52,Load Port 載入訊號延遲,OHT 天車放置晶圓盒後，TAP 交握訊號延遲約 10 秒,趙技術員
INC-20260701-1525,2026-07-01 08:29:00,tcs/tap,設備通訊,Fab 12B,Tool-22,現場緊急呼叫,Fab 12A 黃光區 Track-03 機台無法進料，請盡速派員確認網路或主機連線,林工程師
INC-20260701-1526,2026-07-01 14:43:00,fdc,腔體警報,Fab 12B,General,腔體壓力單點警報,腔體即時壓力短暫碰觸 UCL 邊界，隨後恢復正常,劉工程師
INC-20260701-1527,2026-07-01 12:28:00,others,帳號與權限,Fab 12A,Tool-88,密碼重設申請,工程師忘記密碼導致帳號被鎖定,張組長
INC-20260701-1528,2026-07-01 18:18:00,others,帳號與權限,Fab 14B,Tool-71,密碼重設申請,工程師忘記密碼導致帳號被鎖定,趙技術員
INC-20260702-1529,2026-07-02 12:24:00,ees,配方管理,Fab 14B,General,Recipe 參數上傳逾時,設備工程師修改參數後上傳 EES 主機回應逾時,張組長
INC-20260702-1530,2026-07-02 14:50:00,tcs/tap,設備通訊,Fab 12B,Track-03,設備狀態異常鎖定,Fab 12A Track-03 設備燈號變紅，TCS 介面顯示機台處於 Invalid State,黃專員
INC-20260702-1531,2026-07-02 14:17:00,tcs/tap,資料過帳,Fab 12A,Track-03,Fab12A 批次過帳失敗,Track-03 派工作業異常中斷，畫面上顯示 Remote Host Closed Connection,張組長
INC-20260702-1532,2026-07-02 08:51:00,tcs/tap,設備通訊,Fab 12A,Tool-13,Track-03 連線中斷,機台軟體跳出與 TCS/TAP 主機中斷連線，重啟後依然無法連上,趙技術員
INC-20260702-1533,2026-07-02 11:17:00,fdc,模型維護,Fab 12B,Tool-59,模型微調通知,例行性 FDC 演算法閾值微調驗證,林工程師
INC-20260702-1534,2026-07-02 10:11:00,fdc,模型維護,Fab 15,General,模型微調通知,例行性 FDC 演算法閾值微調驗證,王作業員
INC-20260702-1535,2026-07-02 17:01:00,fdc,腔體警報,Fab 15,Tool-82,腔體壓力單點警報,腔體即時壓力短暫碰觸 UCL 邊界，隨後恢復正常,黃專員
INC-20260702-1536,2026-07-02 16:19:00,others,帳號與權限,Fab 14B,General,密碼重設申請,工程師忘記密碼導致帳號被鎖定,張組長
INC-20260702-1537,2026-07-02 11:38:00,others,帳號與權限,Fab 12A,Tool-10,新帳號權限開通,廠端新進作業員申請基礎檢視權限,王作業員
INC-20260703-1538,2026-07-03 11:51:00,ees,PM保養,Fab 14A,Tool-51,PM 保養工單結案失敗,機台完成年度 PM 後，於 EES 點選完工無法同步更新狀態,張組長
INC-20260703-1539,2026-07-03 08:09:00,ees,PM保養,Fab 12A,Tool-56,PM 保養工單結案失敗,機台完成年度 PM 後，於 EES 點選完工無法同步更新狀態,張組長
INC-20260703-1540,2026-07-03 13:45:00,ees,零件壽命,Fab 15,General,Parts 壽命計數未重置,更換消耗性零件後，EES 介面仍顯示壽命過期警告,劉工程師
INC-20260703-1541,2026-07-03 10:46:00,tcs/tap,報表與查詢,Fab 14B,Tool-32,搬運歷史紀錄匯出,工程師申請匯出昨日 OHT 搬運統計報表,劉工程師
INC-20260703-1542,2026-07-03 16:44:00,tcs/tap,資料過帳,Fab 12A,Track-03,Fab12A 批次過帳失敗,Track-03 派工作業異常中斷，畫面上顯示 Remote Host Closed Connection,黃專員
INC-20260703-1543,2026-07-03 10:11:00,tcs/tap,帳號與權限,Fab 15,General,操作員權限異動,作業員請假交接，暫時調整 TAP 機台控制權限,林工程師
INC-20260703-1544,2026-07-03 08:11:00,tcs/tap,帳號與權限,Fab 15,General,操作員權限異動,作業員請假交接，暫時調整 TAP 機台控制權限,黃專員
INC-20260703-1545,2026-07-03 15:09:00,fdc,模型維護,Fab 18,General,模型微調通知,例行性 FDC 演算法閾值微調驗證,黃專員
INC-20260703-1546,2026-07-03 10:40:00,others,帳號與權限,Fab 18,Tool-52,新帳號權限開通,廠端新進作業員申請基礎檢視權限,陳技術員
INC-20260703-1547,2026-07-03 08:16:00,others,帳號與權限,Fab 12B,Tool-54,新帳號權限開通,廠端新進作業員申請基礎檢視權限,王作業員
INC-20260704-1548,2026-07-04 19:00:00,ees,配方管理,Fab 14B,Tool-63,Recipe 參數上傳逾時,設備工程師修改參數後上傳 EES 主機回應逾時,林工程師
INC-20260704-1549,2026-07-04 14:22:00,tcs/tap,設備通訊,Fab 12B,Tool-28,Track-03 連線中斷,機台軟體跳出與 TCS/TAP 主機中斷連線，重啟後依然無法連上,劉工程師
INC-20260704-1550,2026-07-04 10:28:00,tcs/tap,自動搬運,Fab 12A,General,搬運指令確認,自動搬運系統指令重試後成功進料,陳技術員
INC-20260704-1551,2026-07-04 12:06:00,tcs/tap,設備通訊,Fab 12B,Track-03,機台刷條碼無回應,Fab 12A Track-03 刷批次條碼後跳出 SECS/GEM 通訊逾時 (ERR_TIMEOUT_0x8004),陳技術員
INC-20260704-1552,2026-07-04 16:57:00,tcs/tap,派工作業,Fab 12B,Tool-23,機台卡站無法下線,Fab 12A Track-03 機台生產完畢後無法回傳結果至 TCS/TAP，已卡站 20 分鐘,陳技術員
INC-20260704-1553,2026-07-04 17:56:00,tcs/tap,設備通訊,Fab 12A,Track-03,Track-03 連線中斷,機台軟體跳出與 TCS/TAP 主機中斷連線，重啟後依然無法連上,劉工程師
INC-20260704-1554,2026-07-04 14:44:00,tcs/tap,設備通訊,Fab 14A,General,Load Port 載入訊號延遲,OHT 天車放置晶圓盒後，TAP 交握訊號延遲約 10 秒,李副理
INC-20260704-1555,2026-07-04 17:35:00,fdc,感測器異常,Fab 12B,General,Sensor 取樣頻率異常,偵測到單一 Sensor SVID 採樣週期跳動，已通知設備檢查,趙技術員
INC-20260704-1556,2026-07-04 14:05:00,fdc,腔體警報,Fab 18,Tool-71,腔體壓力單點警報,腔體即時壓力短暫碰觸 UCL 邊界，隨後恢復正常,李副理
INC-20260704-1557,2026-07-04 08:13:00,others,帳號與權限,Fab 18,General,密碼重設申請,工程師忘記密碼導致帳號被鎖定,張組長
INC-20260705-1558,2026-07-05 09:19:00,ees,零件壽命,Fab 14B,Tool-94,Parts 壽命計數未重置,更換消耗性零件後，EES 介面仍顯示壽命過期警告,劉工程師
INC-20260705-1559,2026-07-05 09:41:00,ees,帳號與權限,Fab 12B,General,權限開通申請,廠端新進作業員申請基礎檢視權限,劉工程師
INC-20260705-1560,2026-07-05 15:02:00,tcs/tap,資料過帳,Fab 12B,Track-03,Fab12A 批次過帳失敗,Track-03 派工作業異常中斷，畫面上顯示 Remote Host Closed Connection,李副理
INC-20260705-1561,2026-07-05 17:03:00,tcs/tap,報表與查詢,Fab 18,General,搬運歷史紀錄匯出,工程師申請匯出昨日 OHT 搬運統計報表,張組長
INC-20260705-1562,2026-07-05 13:51:00,tcs/tap,設備通訊,Fab 15,General,Load Port 載入訊號延遲,OHT 天車放置晶圓盒後，TAP 交握訊號延遲約 10 秒,劉工程師
INC-20260705-1563,2026-07-05 14:52:00,tcs/tap,帳號與權限,Fab 18,Tool-70,操作員權限異動,作業員請假交接，暫時調整 TAP 機台控制權限,劉工程師
INC-20260705-1564,2026-07-05 15:19:00,fdc,腔體警報,Fab 14B,Tool-14,腔體壓力單點警報,腔體即時壓力短暫碰觸 UCL 邊界，隨後恢復正常,陳技術員
INC-20260705-1565,2026-07-05 20:28:00,others,帳號與權限,Fab 12B,Tool-34,密碼重設申請,工程師忘記密碼導致帳號被鎖定,張組長
INC-20260706-1566,2026-07-06 14:05:00,ees,配方管理,Fab 12B,Tool-90,Recipe 參數上傳逾時,設備工程師修改參數後上傳 EES 主機回應逾時,劉工程師
INC-20260706-1567,2026-07-06 13:58:00,tcs/tap,設備通訊,Fab 12B,Tool-18,現場緊急呼叫,Fab 12A 黃光區 Track-03 機台無法進料，請盡速派員確認網路或主機連線,陳技術員
INC-20260706-1568,2026-07-06 08:50:00,tcs/tap,設備通訊,Fab 12A,Track-03,機台刷條碼無回應,Fab 12A Track-03 刷批次條碼後跳出 SECS/GEM 通訊逾時 (ERR_TIMEOUT_0x8004),劉工程師
INC-20260706-1569,2026-07-06 09:36:00,tcs/tap,自動搬運,Fab 15,Tool-62,搬運指令確認,自動搬運系統指令重試後成功進料,陳技術員
INC-20260706-1570,2026-07-06 14:41:00,tcs/tap,資料過帳,Fab 12B,Track-03,Fab12A 批次過帳失敗,Track-03 派工作業異常中斷，畫面上顯示 Remote Host Closed Connection,趙技術員
INC-20260706-1571,2026-07-06 14:09:00,tcs/tap,設備通訊,Fab 12B,Tool-11,現場緊急呼叫,Fab 12A 黃光區 Track-03 機台無法進料，請盡速派員確認網路或主機連線,劉工程師
INC-20260706-1572,2026-07-06 13:01:00,fdc,資料採集,Fab 14A,General,Log 傳輸佇列累積,短暫網路震盪導致 FDC Log 採集有 30 秒延遲,黃專員
INC-20260706-1573,2026-07-06 19:43:00,fdc,資料採集,Fab 12B,General,Log 傳輸佇列累積,短暫網路震盪導致 FDC Log 採集有 30 秒延遲,陳技術員
INC-20260706-1574,2026-07-06 12:46:00,others,帳號與權限,Fab 15,Tool-34,新帳號權限開通,廠端新進作業員申請基礎檢視權限,劉工程師
INC-20260706-1575,2026-07-06 11:58:00,others,帳號與權限,Fab 18,Tool-76,新帳號權限開通,廠端新進作業員申請基礎檢視權限,劉工程師
INC-20260707-1576,2026-07-07 16:50:00,ees,帳號與權限,Fab 12A,General,權限開通申請,廠端新進作業員申請基礎檢視權限,張組長
INC-20260707-1577,2026-07-07 10:12:00,tcs/tap,設備通訊,Fab 12B,General,Load Port 載入訊號延遲,OHT 天車放置晶圓盒後，TAP 交握訊號延遲約 10 秒,王作業員
INC-20260707-1578,2026-07-07 13:45:00,tcs/tap,設備通訊,Fab 12B,Tool-30,機台刷條碼無回應,Fab 12A Track-03 刷批次條碼後跳出 SECS/GEM 通訊逾時 (ERR_TIMEOUT_0x8004),王作業員
INC-20260707-1579,2026-07-07 18:01:00,tcs/tap,設備通訊,Fab 12B,Track-03,現場緊急呼叫,Fab 12A 黃光區 Track-03 機台無法進料，請盡速派員確認網路或主機連線,王作業員
INC-20260707-1580,2026-07-07 16:22:00,fdc,感測器異常,Fab 12B,Tool-43,Sensor 取樣頻率異常,偵測到單一 Sensor SVID 採樣週期跳動，已通知設備檢查,黃專員
INC-20260707-1581,2026-07-07 12:01:00,fdc,腔體警報,Fab 12A,General,腔體壓力單點警報,腔體即時壓力短暫碰觸 UCL 邊界，隨後恢復正常,劉工程師
INC-20260707-1582,2026-07-07 11:41:00,fdc,資料採集,Fab 18,General,Log 傳輸佇列累積,短暫網路震盪導致 FDC Log 採集有 30 秒延遲,王作業員
INC-20260707-1583,2026-07-07 08:55:00,others,帳號與權限,Fab 14B,Tool-92,密碼重設申請,工程師忘記密碼導致帳號被鎖定,林工程師
INC-20260707-1584,2026-07-07 17:51:00,others,帳號與權限,Fab 12B,General,新帳號權限開通,廠端新進作業員申請基礎檢視權限,林工程師
INC-20260707-1585,2026-07-07 19:45:00,others,帳號與權限,Fab 14B,Tool-54,新帳號權限開通,廠端新進作業員申請基礎檢視權限,李副理
INC-20260708-1586,2026-07-08 11:29:00,ees,帳號與權限,Fab 18,Tool-89,權限開通申請,廠端新進作業員申請基礎檢視權限,李副理
INC-20260708-1587,2026-07-08 17:06:00,ees,零件壽命,Fab 15,Tool-57,Parts 壽命計數未重置,更換消耗性零件後，EES 介面仍顯示壽命過期警告,林工程師
INC-20260708-1588,2026-07-08 15:04:00,tcs/tap,自動搬運,Fab 18,General,搬運指令確認,自動搬運系統指令重試後成功進料,黃專員
INC-20260708-1589,2026-07-08 12:41:00,tcs/tap,配方管理,Fab 12A,Tool-29,配方下載逾時,Track-03 準備跑新批次時，TAP 下載 Recipe 失敗，顯示網路逾時,李副理
INC-20260708-1590,2026-07-08 18:20:00,tcs/tap,自動搬運,Fab 18,Tool-47,搬運指令確認,自動搬運系統指令重試後成功進料,張組長
INC-20260708-1591,2026-07-08 14:24:00,fdc,腔體警報,Fab 15,Tool-83,腔體壓力單點警報,腔體即時壓力短暫碰觸 UCL 邊界，隨後恢復正常,林工程師
INC-20260708-1592,2026-07-08 13:46:00,fdc,模型維護,Fab 18,Tool-70,模型微調通知,例行性 FDC 演算法閾值微調驗證,王作業員
INC-20260708-1593,2026-07-08 12:54:00,others,帳號與權限,Fab 18,Tool-33,新帳號權限開通,廠端新進作業員申請基礎檢視權限,張組長
INC-20260708-1594,2026-07-08 09:30:00,others,週邊設備,Fab 18,General,印表機連線異常,標籤列印機無法收到網路列印指令,張組長
INC-20260708-1595,2026-07-08 20:58:00,others,帳號與權限,Fab 18,Tool-93,密碼重設申請,工程師忘記密碼導致帳號被鎖定,張組長
INC-20260709-1596,2026-07-09 13:14:00,ees,零件壽命,Fab 14B,Tool-52,Parts 壽命計數未重置,更換消耗性零件後，EES 介面仍顯示壽命過期警告,李副理
INC-20260709-1597,2026-07-09 15:54:00,tcs/tap,設備通訊,Fab 12A,Track-03,Track-03 連線中斷,機台軟體跳出與 TCS/TAP 主機中斷連線，重啟後依然無法連上,陳技術員
INC-20260709-1598,2026-07-09 16:07:00,tcs/tap,派工作業,Fab 12B,Track-03,機台卡站無法下線,Fab 12A Track-03 機台生產完畢後無法回傳結果至 TCS/TAP，已卡站 20 分鐘,劉工程師
INC-20260709-1599,2026-07-09 10:12:00,tcs/tap,派工作業,Fab 12B,Track-03,機台卡站無法下線,Fab 12A Track-03 機台生產完畢後無法回傳結果至 TCS/TAP，已卡站 20 分鐘,黃專員
INC-20260709-1600,2026-07-09 20:05:00,tcs/tap,派工作業,Fab 12A,Track-03,Track-03 派工通訊中斷,現場反映 Fab 12A 的 Track-03 機台按 Dispatch 沒有反應，卡在通訊等待狀態,趙技術員
INC-20260709-1601,2026-07-09 08:28:00,tcs/tap,設備通訊,Fab 12A,Tool-15,現場緊急呼叫,Fab 12A 黃光區 Track-03 機台無法進料，請盡速派員確認網路或主機連線,李副理
INC-20260709-1602,2026-07-09 10:39:00,fdc,資料採集,Fab 18,Tool-64,Log 傳輸佇列累積,短暫網路震盪導致 FDC Log 採集有 30 秒延遲,劉工程師
INC-20260709-1603,2026-07-09 08:02:00,others,帳號與權限,Fab 18,General,密碼重設申請,工程師忘記密碼導致帳號被鎖定,王作業員
INC-20260709-1604,2026-07-09 13:48:00,others,週邊設備,Fab 12A,Tool-90,印表機連線異常,標籤列印機無法收到網路列印指令,王作業員
INC-20260710-1605,2026-07-10 11:44:00,ees,帳號與權限,Fab 14A,General,權限開通申請,廠端新進作業員申請基礎檢視權限,黃專員
INC-20260710-1606,2026-07-10 10:04:00,tcs/tap,設備通訊,Fab 12B,Track-03,設備狀態異常鎖定,Fab 12A Track-03 設備燈號變紅，TCS 介面顯示機台處於 Invalid State,林工程師
INC-20260710-1607,2026-07-10 14:56:00,tcs/tap,設備通訊,Fab 12B,Track-03,Track-03 連線中斷,機台軟體跳出與 TCS/TAP 主機中斷連線，重啟後依然無法連上,張組長
INC-20260710-1608,2026-07-10 10:58:00,tcs/tap,設備通訊,Fab 12A,Tool-14,Track-03 連線中斷,機台軟體跳出與 TCS/TAP 主機中斷連線，重啟後依然無法連上,劉工程師
INC-20260710-1609,2026-07-10 19:01:00,tcs/tap,資料過帳,Fab 12A,Track-03,Fab12A 批次過帳失敗,Track-03 派工作業異常中斷，畫面上顯示 Remote Host Closed Connection,張組長
INC-20260710-1610,2026-07-10 20:34:00,tcs/tap,派工作業,Fab 12A,Tool-30,Track-03 派工通訊中斷,現場反映 Fab 12A 的 Track-03 機台按 Dispatch 沒有反應，卡在通訊等待狀態,林工程師
INC-20260710-1611,2026-07-10 19:07:00,fdc,模型維護,Fab 14B,General,模型微調通知,例行性 FDC 演算法閾值微調驗證,劉工程師
INC-20260710-1612,2026-07-10 19:09:00,others,帳號與權限,Fab 18,Tool-11,新帳號權限開通,廠端新進作業員申請基礎檢視權限,王作業員
INC-20260710-1613,2026-07-10 14:42:00,others,週邊設備,Fab 18,Tool-89,印表機連線異常,標籤列印機無法收到網路列印指令,陳技術員
INC-20260711-1614,2026-07-11 10:26:00,ees,零件壽命,Fab 15,Tool-25,Parts 壽命計數未重置,更換消耗性零件後，EES 介面仍顯示壽命過期警告,陳技術員
INC-20260711-1615,2026-07-11 09:50:00,ees,配方管理,Fab 14B,General,Recipe 參數上傳逾時,設備工程師修改參數後上傳 EES 主機回應逾時,陳技術員
INC-20260711-1616,2026-07-11 20:16:00,ees,配方管理,Fab 14A,Tool-47,Recipe 參數上傳逾時,設備工程師修改參數後上傳 EES 主機回應逾時,王作業員
INC-20260711-1617,2026-07-11 11:44:00,tcs/tap,設備通訊,Fab 12A,Track-03,機台刷條碼無回應,Fab 12A Track-03 刷批次條碼後跳出 SECS/GEM 通訊逾時 (ERR_TIMEOUT_0x8004),趙技術員
INC-20260711-1618,2026-07-11 09:53:00,tcs/tap,設備通訊,Fab 12A,Tool-12,機台刷條碼無回應,Fab 12A Track-03 刷批次條碼後跳出 SECS/GEM 通訊逾時 (ERR_TIMEOUT_0x8004),趙技術員
INC-20260711-1619,2026-07-11 12:41:00,tcs/tap,派工作業,Fab 12B,Track-03,Track-03 派工通訊中斷,現場反映 Fab 12A 的 Track-03 機台按 Dispatch 沒有反應，卡在通訊等待狀態,王作業員
INC-20260711-1620,2026-07-11 09:52:00,tcs/tap,報表與查詢,Fab 14A,General,搬運歷史紀錄匯出,工程師申請匯出昨日 OHT 搬運統計報表,張組長
INC-20260711-1621,2026-07-11 13:27:00,tcs/tap,派工作業,Fab 12A,Track-03,機台卡站無法下線,Fab 12A Track-03 機台生產完畢後無法回傳結果至 TCS/TAP，已卡站 20 分鐘,陳技術員
INC-20260711-1622,2026-07-11 18:41:00,tcs/tap,設備通訊,Fab 12B,Tool-18,機台刷條碼無回應,Fab 12A Track-03 刷批次條碼後跳出 SECS/GEM 通訊逾時 (ERR_TIMEOUT_0x8004),張組長
INC-20260711-1623,2026-07-11 13:11:00,fdc,模型維護,Fab 14B,Tool-68,模型微調通知,例行性 FDC 演算法閾值微調驗證,陳技術員
INC-20260711-1624,2026-07-11 14:44:00,fdc,感測器異常,Fab 14B,Tool-31,Sensor 取樣頻率異常,偵測到單一 Sensor SVID 採樣週期跳動，已通知設備檢查,趙技術員
INC-20260711-1625,2026-07-11 19:46:00,others,週邊設備,Fab 12B,General,印表機連線異常,標籤列印機無法收到網路列印指令,林工程師
INC-20260712-1626,2026-07-12 20:36:00,ees,PM保養,Fab 12B,Tool-55,PM 保養工單結案失敗,機台完成年度 PM 後，於 EES 點選完工無法同步更新狀態,趙技術員
INC-20260712-1627,2026-07-12 18:56:00,ees,帳號與權限,Fab 14B,Tool-24,權限開通申請,廠端新進作業員申請基礎檢視權限,張組長
INC-20260712-1628,2026-07-12 09:16:00,tcs/tap,設備通訊,Fab 12A,Tool-20,機台刷條碼無回應,Fab 12A Track-03 刷批次條碼後跳出 SECS/GEM 通訊逾時 (ERR_TIMEOUT_0x8004),黃專員
INC-20260712-1629,2026-07-12 14:42:00,tcs/tap,派工作業,Fab 12B,Track-03,Track-03 派工通訊中斷,現場反映 Fab 12A 的 Track-03 機台按 Dispatch 沒有反應，卡在通訊等待狀態,王作業員
INC-20260712-1630,2026-07-12 08:41:00,tcs/tap,設備通訊,Fab 12B,Tool-15,機台刷條碼無回應,Fab 12A Track-03 刷批次條碼後跳出 SECS/GEM 通訊逾時 (ERR_TIMEOUT_0x8004),張組長
INC-20260712-1631,2026-07-12 13:15:00,fdc,腔體警報,Fab 14A,General,腔體壓力單點警報,腔體即時壓力短暫碰觸 UCL 邊界，隨後恢復正常,黃專員
INC-20260712-1632,2026-07-12 16:41:00,fdc,資料採集,Fab 14B,Tool-20,Log 傳輸佇列累積,短暫網路震盪導致 FDC Log 採集有 30 秒延遲,劉工程師
INC-20260712-1633,2026-07-12 20:36:00,others,帳號與權限,Fab 12A,Tool-67,新帳號權限開通,廠端新進作業員申請基礎檢視權限,趙技術員
INC-20260712-1634,2026-07-12 09:31:00,others,週邊設備,Fab 12A,Tool-14,印表機連線異常,標籤列印機無法收到網路列印指令,林工程師
INC-20260713-1635,2026-07-13 08:52:00,ees,零件壽命,Fab 15,Tool-91,Parts 壽命計數未重置,更換消耗性零件後，EES 介面仍顯示壽命過期警告,陳技術員
INC-20260713-1636,2026-07-13 16:35:00,ees,零件壽命,Fab 18,Tool-53,Parts 壽命計數未重置,更換消耗性零件後，EES 介面仍顯示壽命過期警告,王作業員
INC-20260713-1637,2026-07-13 08:52:00,ees,帳號與權限,Fab 14B,General,權限開通申請,廠端新進作業員申請基礎檢視權限,王作業員
INC-20260713-1638,2026-07-13 19:28:00,tcs/tap,設備通訊,Fab 12A,Track-03,設備狀態異常鎖定,Fab 12A Track-03 設備燈號變紅，TCS 介面顯示機台處於 Invalid State,陳技術員
INC-20260713-1639,2026-07-13 18:51:00,tcs/tap,派工作業,Fab 12B,Tool-11,機台卡站無法下線,Fab 12A Track-03 機台生產完畢後無法回傳結果至 TCS/TAP，已卡站 20 分鐘,李副理
INC-20260713-1640,2026-07-13 15:08:00,tcs/tap,配方管理,Fab 12A,Track-03,配方下載逾時,Track-03 準備跑新批次時，TAP 下載 Recipe 失敗，顯示網路逾時,劉工程師
INC-20260713-1641,2026-07-13 11:29:00,tcs/tap,報表與查詢,Fab 12A,Tool-15,搬運歷史紀錄匯出,工程師申請匯出昨日 OHT 搬運統計報表,王作業員
INC-20260713-1642,2026-07-13 18:37:00,tcs/tap,帳號與權限,Fab 14B,Tool-85,操作員權限異動,作業員請假交接，暫時調整 TAP 機台控制權限,陳技術員
INC-20260713-1643,2026-07-13 15:00:00,fdc,資料採集,Fab 15,Tool-84,Log 傳輸佇列累積,短暫網路震盪導致 FDC Log 採集有 30 秒延遲,林工程師
INC-20260713-1644,2026-07-13 20:58:00,others,帳號與權限,Fab 18,Tool-26,密碼重設申請,工程師忘記密碼導致帳號被鎖定,張組長
INC-20260713-1645,2026-07-13 14:42:00,others,週邊設備,Fab 15,Tool-63,印表機連線異常,標籤列印機無法收到網路列印指令,黃專員
INC-20260713-1646,2026-07-13 19:48:00,others,帳號與權限,Fab 14A,General,新帳號權限開通,廠端新進作業員申請基礎檢視權限,王作業員
INC-20260714-1647,2026-07-14 15:51:00,ees,零件壽命,Fab 12B,Tool-99,Parts 壽命計數未重置,更換消耗性零件後，EES 介面仍顯示壽命過期警告,張組長
INC-20260714-1648,2026-07-14 19:35:00,ees,配方管理,Fab 18,Tool-80,Recipe 參數上傳逾時,設備工程師修改參數後上傳 EES 主機回應逾時,黃專員
INC-20260714-1649,2026-07-14 17:45:00,tcs/tap,報表與查詢,Fab 18,General,搬運歷史紀錄匯出,工程師申請匯出昨日 OHT 搬運統計報表,李副理
INC-20260714-1650,2026-07-14 18:11:00,tcs/tap,帳號與權限,Fab 14A,Tool-84,操作員權限異動,作業員請假交接，暫時調整 TAP 機台控制權限,黃專員
INC-20260714-1651,2026-07-14 18:45:00,tcs/tap,系統效能,Fab 15,General,主機回應微幅延遲,尖峰排程時段 TCS 主機反應時間稍有波動,劉工程師
INC-20260714-1652,2026-07-14 20:00:00,tcs/tap,派工作業,Fab 12A,Track-03,Track-03 派工通訊中斷,現場反映 Fab 12A 的 Track-03 機台按 Dispatch 沒有反應，卡在通訊等待狀態,陳技術員
INC-20260714-1653,2026-07-14 12:48:00,fdc,感測器異常,Fab 14A,Tool-28,Sensor 取樣頻率異常,偵測到單一 Sensor SVID 採樣週期跳動，已通知設備檢查,張組長
INC-20260714-1654,2026-07-14 20:18:00,others,帳號與權限,Fab 15,General,新帳號權限開通,廠端新進作業員申請基礎檢視權限,王作業員
INC-20260714-1655,2026-07-14 09:39:00,others,帳號與權限,Fab 18,Tool-59,密碼重設申請,工程師忘記密碼導致帳號被鎖定,王作業員
INC-20260714-1656,2026-07-14 16:50:00,others,帳號與權限,Fab 18,Tool-58,新帳號權限開通,廠端新進作業員申請基礎檢視權限,李副理
INC-20260715-1657,2026-07-15 20:43:00,ees,零件壽命,Fab 15,General,Parts 壽命計數未重置,更換消耗性零件後，EES 介面仍顯示壽命過期警告,黃專員
INC-20260715-1658,2026-07-15 11:39:00,ees,零件壽命,Fab 12B,Tool-92,Parts 壽命計數未重置,更換消耗性零件後，EES 介面仍顯示壽命過期警告,趙技術員
INC-20260715-1659,2026-07-15 20:46:00,tcs/tap,派工作業,Fab 12A,Tool-12,機台卡站無法下線,Fab 12A Track-03 機台生產完畢後無法回傳結果至 TCS/TAP，已卡站 20 分鐘,王作業員
INC-20260715-1660,2026-07-15 10:47:00,tcs/tap,資料過帳,Fab 12B,Track-03,Fab12A 批次過帳失敗,Track-03 派工作業異常中斷，畫面上顯示 Remote Host Closed Connection,陳技術員
INC-20260715-1661,2026-07-15 10:10:00,tcs/tap,派工作業,Fab 12B,Tool-14,Track-03 派工通訊中斷,現場反映 Fab 12A 的 Track-03 機台按 Dispatch 沒有反應，卡在通訊等待狀態,李副理
INC-20260715-1662,2026-07-15 10:59:00,tcs/tap,設備通訊,Fab 12B,Track-03,設備狀態異常鎖定,Fab 12A Track-03 設備燈號變紅，TCS 介面顯示機台處於 Invalid State,黃專員
INC-20260715-1663,2026-07-15 20:45:00,fdc,腔體警報,Fab 15,General,腔體壓力單點警報,腔體即時壓力短暫碰觸 UCL 邊界，隨後恢復正常,黃專員
INC-20260715-1664,2026-07-15 09:50:00,others,帳號與權限,Fab 14B,Tool-61,密碼重設申請,工程師忘記密碼導致帳號被鎖定,張組長
INC-20260715-1665,2026-07-15 13:14:00,others,帳號與權限,Fab 18,General,新帳號權限開通,廠端新進作業員申請基礎檢視權限,王作業員
INC-20260715-1666,2026-07-15 12:13:00,others,帳號與權限,Fab 15,Tool-93,密碼重設申請,工程師忘記密碼導致帳號被鎖定,趙技術員
INC-20260716-1667,2026-07-16 18:22:00,ees,配方管理,Fab 12B,Tool-88,Recipe 參數上傳逾時,設備工程師修改參數後上傳 EES 主機回應逾時,趙技術員
INC-20260716-1668,2026-07-16 14:58:00,tcs/tap,設備通訊,Fab 12B,Track-03,設備狀態異常鎖定,Fab 12A Track-03 設備燈號變紅，TCS 介面顯示機台處於 Invalid State,陳技術員
INC-20260716-1669,2026-07-16 16:51:00,tcs/tap,設備通訊,Fab 12B,Tool-16,設備狀態異常鎖定,Fab 12A Track-03 設備燈號變紅，TCS 介面顯示機台處於 Invalid State,趙技術員
INC-20260716-1670,2026-07-16 16:05:00,tcs/tap,設備通訊,Fab 12A,Tool-16,Track-03 連線中斷,機台軟體跳出與 TCS/TAP 主機中斷連線，重啟後依然無法連上,陳技術員
INC-20260716-1671,2026-07-16 18:27:00,tcs/tap,派工作業,Fab 12B,Tool-12,機台卡站無法下線,Fab 12A Track-03 機台生產完畢後無法回傳結果至 TCS/TAP，已卡站 20 分鐘,陳技術員
INC-20260716-1672,2026-07-16 08:29:00,tcs/tap,資料過帳,Fab 12A,Track-03,Fab12A 批次過帳失敗,Track-03 派工作業異常中斷，畫面上顯示 Remote Host Closed Connection,黃專員
INC-20260716-1673,2026-07-16 09:36:00,fdc,資料採集,Fab 14A,Tool-67,Log 傳輸佇列累積,短暫網路震盪導致 FDC Log 採集有 30 秒延遲,王作業員
INC-20260716-1674,2026-07-16 14:20:00,fdc,感測器異常,Fab 14B,Tool-78,Sensor 取樣頻率異常,偵測到單一 Sensor SVID 採樣週期跳動，已通知設備檢查,林工程師
INC-20260716-1675,2026-07-16 18:46:00,fdc,感測器異常,Fab 18,Tool-99,Sensor 取樣頻率異常,偵測到單一 Sensor SVID 採樣週期跳動，已通知設備檢查,陳技術員
INC-20260716-1676,2026-07-16 16:06:00,others,帳號與權限,Fab 18,General,密碼重設申請,工程師忘記密碼導致帳號被鎖定,李副理
INC-20260716-1677,2026-07-16 12:48:00,others,週邊設備,Fab 14B,General,印表機連線異常,標籤列印機無法收到網路列印指令,趙技術員
INC-20260717-1678,2026-07-17 15:10:00,ees,零件壽命,Fab 12B,Tool-79,Parts 壽命計數未重置,更換消耗性零件後，EES 介面仍顯示壽命過期警告,王作業員
INC-20260717-1679,2026-07-17 12:43:00,tcs/tap,派工作業,Fab 12A,Tool-81,單一機台派工等待,機台換批時派工佇列稍有延遲，重整後已正常,黃專員
INC-20260717-1680,2026-07-17 09:02:00,tcs/tap,資料過帳,Fab 12B,Tool-12,Fab12A 批次過帳失敗,Track-03 派工作業異常中斷，畫面上顯示 Remote Host Closed Connection,林工程師
INC-20260717-1681,2026-07-17 11:47:00,tcs/tap,設備通訊,Fab 12A,Track-03,Track-03 連線中斷,機台軟體跳出與 TCS/TAP 主機中斷連線，重啟後依然無法連上,黃專員
INC-20260717-1682,2026-07-17 17:53:00,tcs/tap,派工作業,Fab 12A,Tool-28,Track-03 派工通訊中斷,現場反映 Fab 12A 的 Track-03 機台按 Dispatch 沒有反應，卡在通訊等待狀態,李副理
INC-20260717-1683,2026-07-17 15:41:00,fdc,感測器異常,Fab 14A,Tool-42,Sensor 取樣頻率異常,偵測到單一 Sensor SVID 採樣週期跳動，已通知設備檢查,陳技術員
INC-20260717-1684,2026-07-17 11:46:00,fdc,腔體警報,Fab 14A,General,腔體壓力單點警報,腔體即時壓力短暫碰觸 UCL 邊界，隨後恢復正常,趙技術員
INC-20260717-1685,2026-07-17 09:18:00,fdc,資料採集,Fab 12B,General,Log 傳輸佇列累積,短暫網路震盪導致 FDC Log 採集有 30 秒延遲,陳技術員
INC-20260717-1686,2026-07-17 17:42:00,others,週邊設備,Fab 18,Tool-82,印表機連線異常,標籤列印機無法收到網路列印指令,李副理
INC-20260717-1687,2026-07-17 13:51:00,others,帳號與權限,Fab 14B,General,新帳號權限開通,廠端新進作業員申請基礎檢視權限,黃專員
INC-20260718-1688,2026-07-18 20:14:00,ees,零件壽命,Fab 14A,Tool-27,Parts 壽命計數未重置,更換消耗性零件後，EES 介面仍顯示壽命過期警告,劉工程師
INC-20260718-1689,2026-07-18 15:22:00,tcs/tap,設備通訊,Fab 12A,Track-03,機台刷條碼無回應,Fab 12A Track-03 刷批次條碼後跳出 SECS/GEM 通訊逾時 (ERR_TIMEOUT_0x8004),李副理
INC-20260718-1690,2026-07-18 12:54:00,tcs/tap,報表與查詢,Fab 12B,General,搬運歷史紀錄匯出,工程師申請匯出昨日 OHT 搬運統計報表,張組長
INC-20260718-1691,2026-07-18 09:46:00,tcs/tap,帳號與權限,Fab 15,Tool-84,操作員權限異動,作業員請假交接，暫時調整 TAP 機台控制權限,陳技術員
INC-20260718-1692,2026-07-18 14:49:00,tcs/tap,帳號與權限,Fab 15,General,操作員權限異動,作業員請假交接，暫時調整 TAP 機台控制權限,王作業員
INC-20260718-1693,2026-07-18 15:41:00,tcs/tap,資料過帳,Fab 12A,Tool-28,Fab12A 批次過帳失敗,Track-03 派工作業異常中斷，畫面上顯示 Remote Host Closed Connection,張組長
INC-20260718-1694,2026-07-18 10:29:00,tcs/tap,派工作業,Fab 12A,Tool-29,機台卡站無法下線,Fab 12A Track-03 機台生產完畢後無法回傳結果至 TCS/TAP，已卡站 20 分鐘,陳技術員
INC-20260718-1695,2026-07-18 10:28:00,fdc,腔體警報,Fab 12B,Tool-82,腔體壓力單點警報,腔體即時壓力短暫碰觸 UCL 邊界，隨後恢復正常,張組長
INC-20260718-1696,2026-07-18 19:46:00,fdc,資料採集,Fab 14A,General,Log 傳輸佇列累積,短暫網路震盪導致 FDC Log 採集有 30 秒延遲,趙技術員
INC-20260718-1697,2026-07-18 11:04:00,fdc,腔體警報,Fab 14A,General,腔體壓力單點警報,腔體即時壓力短暫碰觸 UCL 邊界，隨後恢復正常,李副理
INC-20260718-1698,2026-07-18 20:23:00,others,帳號與權限,Fab 14B,Tool-15,密碼重設申請,工程師忘記密碼導致帳號被鎖定,劉工程師
INC-20260718-1699,2026-07-18 18:20:00,others,帳號與權限,Fab 18,Tool-91,新帳號權限開通,廠端新進作業員申請基礎檢視權限,陳技術員
INC-20260718-1700,2026-07-18 19:16:00,others,週邊設備,Fab 14B,Tool-56,印表機連線異常,標籤列印機無法收到網路列印指令,張組長
INC-20260719-1701,2026-07-19 09:33:00,ees,帳號與權限,Fab 14B,Tool-38,權限開通申請,廠端新進作業員申請基礎檢視權限,李副理
INC-20260719-1702,2026-07-19 13:52:00,ees,PM保養,Fab 14B,Tool-87,PM 保養工單結案失敗,機台完成年度 PM 後，於 EES 點選完工無法同步更新狀態,黃專員
INC-20260719-1703,2026-07-19 16:56:00,ees,PM保養,Fab 14B,General,PM 保養工單結案失敗,機台完成年度 PM 後，於 EES 點選完工無法同步更新狀態,張組長
INC-20260719-1704,2026-07-19 11:09:00,tcs/tap,設備通訊,Fab 12A,Tool-23,設備狀態異常鎖定,Fab 12A Track-03 設備燈號變紅，TCS 介面顯示機台處於 Invalid State,張組長
INC-20260719-1705,2026-07-19 19:07:00,tcs/tap,派工作業,Fab 14B,General,單一機台派工等待,機台換批時派工佇列稍有延遲，重整後已正常,趙技術員
INC-20260719-1706,2026-07-19 18:53:00,tcs/tap,派工作業,Fab 12A,Track-03,機台卡站無法下線,Fab 12A Track-03 機台生產完畢後無法回傳結果至 TCS/TAP，已卡站 20 分鐘,劉工程師
INC-20260719-1707,2026-07-19 10:40:00,tcs/tap,自動搬運,Fab 12B,General,搬運指令確認,自動搬運系統指令重試後成功進料,林工程師
INC-20260719-1708,2026-07-19 10:33:00,tcs/tap,設備通訊,Fab 12A,Tool-19,機台刷條碼無回應,Fab 12A Track-03 刷批次條碼後跳出 SECS/GEM 通訊逾時 (ERR_TIMEOUT_0x8004),劉工程師
INC-20260719-1709,2026-07-19 15:38:00,fdc,資料採集,Fab 14B,General,Log 傳輸佇列累積,短暫網路震盪導致 FDC Log 採集有 30 秒延遲,趙技術員
INC-20260719-1710,2026-07-19 10:50:00,others,帳號與權限,Fab 15,Tool-43,密碼重設申請,工程師忘記密碼導致帳號被鎖定,張組長
INC-20260719-1711,2026-07-19 19:43:00,others,帳號與權限,Fab 14B,Tool-18,密碼重設申請,工程師忘記密碼導致帳號被鎖定,黃專員
INC-20260719-1712,2026-07-19 14:24:00,others,週邊設備,Fab 12A,General,印表機連線異常,標籤列印機無法收到網路列印指令,張組長
INC-20260720-1713,2026-07-20 18:26:00,ees,帳號與權限,Fab 15,General,權限開通申請,廠端新進作業員申請基礎檢視權限,張組長
INC-20260720-1714,2026-07-20 17:38:00,ees,PM保養,Fab 15,Tool-25,PM 保養工單結案失敗,機台完成年度 PM 後，於 EES 點選完工無法同步更新狀態,林工程師
INC-20260720-1715,2026-07-20 15:42:00,ees,帳號與權限,Fab 15,Tool-10,權限開通申請,廠端新進作業員申請基礎檢視權限,張組長
INC-20260720-1716,2026-07-20 13:55:00,tcs/tap,系統效能,Fab 14B,General,主機回應微幅延遲,尖峰排程時段 TCS 主機反應時間稍有波動,林工程師
INC-20260720-1717,2026-07-20 20:49:00,tcs/tap,資料過帳,Fab 12A,Track-03,Fab12A 批次過帳失敗,Track-03 派工作業異常中斷，畫面上顯示 Remote Host Closed Connection,劉工程師
INC-20260720-1718,2026-07-20 15:49:00,tcs/tap,帳號與權限,Fab 12A,General,操作員權限異動,作業員請假交接，暫時調整 TAP 機台控制權限,王作業員
INC-20260720-1719,2026-07-20 14:16:00,tcs/tap,派工作業,Fab 12A,Tool-13,Track-03 派工通訊中斷,現場反映 Fab 12A 的 Track-03 機台按 Dispatch 沒有反應，卡在通訊等待狀態,王作業員
INC-20260720-1720,2026-07-20 14:41:00,tcs/tap,派工作業,Fab 14A,Tool-23,單一機台派工等待,機台換批時派工佇列稍有延遲，重整後已正常,王作業員
INC-20260720-1721,2026-07-20 14:41:00,tcs/tap,資料過帳,Fab 12B,Tool-29,Fab12A 批次過帳失敗,Track-03 派工作業異常中斷，畫面上顯示 Remote Host Closed Connection,李副理
INC-20260720-1722,2026-07-20 14:48:00,fdc,資料採集,Fab 14B,Tool-81,Log 傳輸佇列累積,短暫網路震盪導致 FDC Log 採集有 30 秒延遲,王作業員
INC-20260720-1723,2026-07-20 10:23:00,fdc,模型維護,Fab 14A,Tool-83,模型微調通知,例行性 FDC 演算法閾值微調驗證,趙技術員
INC-20260720-1724,2026-07-20 20:45:00,fdc,感測器異常,Fab 18,General,Sensor 取樣頻率異常,偵測到單一 Sensor SVID 採樣週期跳動，已通知設備檢查,劉工程師
INC-20260720-1725,2026-07-20 11:28:00,others,帳號與權限,Fab 12A,General,新帳號權限開通,廠端新進作業員申請基礎檢視權限,張組長
INC-20260720-1726,2026-07-20 20:21:00,others,週邊設備,Fab 12B,General,印表機連線異常,標籤列印機無法收到網路列印指令,林工程師
INC-20260720-1727,2026-07-20 08:51:00,others,帳號與權限,Fab 12B,Tool-86,新帳號權限開通,廠端新進作業員申請基礎檢視權限,陳技術員
INC-20260721-1728,2026-07-21 09:16:00,ees,PM保養,Fab 14A,General,PM 保養工單結案失敗,機台完成年度 PM 後，於 EES 點選完工無法同步更新狀態,王作業員
INC-20260721-1729,2026-07-21 14:39:00,tcs/tap,派工作業,Fab 15,General,單一機台派工等待,機台換批時派工佇列稍有延遲，重整後已正常,李副理
INC-20260721-1730,2026-07-21 18:31:00,tcs/tap,設備通訊,Fab 12B,Track-03,Track-03 連線中斷,機台軟體跳出與 TCS/TAP 主機中斷連線，重啟後依然無法連上,趙技術員
INC-20260721-1731,2026-07-21 17:10:00,tcs/tap,資料過帳,Fab 12A,Tool-12,Fab12A 批次過帳失敗,Track-03 派工作業異常中斷，畫面上顯示 Remote Host Closed Connection,林工程師
INC-20260721-1732,2026-07-21 20:25:00,tcs/tap,設備通訊,Fab 14B,Tool-76,Load Port 載入訊號延遲,OHT 天車放置晶圓盒後，TAP 交握訊號延遲約 10 秒,黃專員
INC-20260721-1733,2026-07-21 19:45:00,tcs/tap,帳號與權限,Fab 15,General,操作員權限異動,作業員請假交接，暫時調整 TAP 機台控制權限,陳技術員
INC-20260721-1734,2026-07-21 17:22:00,tcs/tap,派工作業,Fab 14A,General,單一機台派工等待,機台換批時派工佇列稍有延遲，重整後已正常,黃專員
INC-20260721-1735,2026-07-21 14:36:00,fdc,感測器異常,Fab 14A,General,Sensor 取樣頻率異常,偵測到單一 Sensor SVID 採樣週期跳動，已通知設備檢查,林工程師
INC-20260721-1736,2026-07-21 16:04:00,fdc,模型維護,Fab 14A,Tool-75,模型微調通知,例行性 FDC 演算法閾值微調驗證,李副理
INC-20260721-1737,2026-07-21 20:36:00,others,週邊設備,Fab 18,Tool-58,印表機連線異常,標籤列印機無法收到網路列印指令,李副理
INC-20260721-1738,2026-07-21 15:49:00,others,週邊設備,Fab 14A,Tool-68,印表機連線異常,標籤列印機無法收到網路列印指令,王作業員
INC-20260721-1739,2026-07-21 15:57:00,others,帳號與權限,Fab 14B,General,密碼重設申請,工程師忘記密碼導致帳號被鎖定,林工程師
INC-20260722-1740,2026-07-22 18:50:00,ees,帳號與權限,Fab 18,Tool-50,權限開通申請,廠端新進作業員申請基礎檢視權限,王作業員
INC-20260722-1741,2026-07-22 13:33:00,ees,零件壽命,Fab 18,Tool-41,Parts 壽命計數未重置,更換消耗性零件後，EES 介面仍顯示壽命過期警告,林工程師
INC-20260722-1742,2026-07-22 18:47:00,tcs/tap,設備通訊,Fab 12A,Track-03,設備狀態異常鎖定,Fab 12A Track-03 設備燈號變紅，TCS 介面顯示機台處於 Invalid State,黃專員
INC-20260722-1743,2026-07-22 11:57:00,tcs/tap,設備通訊,Fab 12A,Track-03,Track-03 連線中斷,機台軟體跳出與 TCS/TAP 主機中斷連線，重啟後依然無法連上,李副理
INC-20260722-1744,2026-07-22 11:47:00,tcs/tap,派工作業,Fab 12B,General,單一機台派工等待,機台換批時派工佇列稍有延遲，重整後已正常,王作業員
INC-20260722-1745,2026-07-22 17:22:00,tcs/tap,報表與查詢,Fab 12A,Tool-96,搬運歷史紀錄匯出,工程師申請匯出昨日 OHT 搬運統計報表,張組長
INC-20260722-1746,2026-07-22 15:39:00,tcs/tap,自動搬運,Fab 15,Tool-71,搬運指令確認,自動搬運系統指令重試後成功進料,林工程師
INC-20260722-1747,2026-07-22 17:20:00,tcs/tap,派工作業,Fab 15,Tool-72,單一機台派工等待,機台換批時派工佇列稍有延遲，重整後已正常,趙技術員
INC-20260722-1748,2026-07-22 12:25:00,fdc,資料採集,Fab 15,General,Log 傳輸佇列累積,短暫網路震盪導致 FDC Log 採集有 30 秒延遲,王作業員
INC-20260722-1749,2026-07-22 15:34:00,fdc,腔體警報,Fab 15,General,腔體壓力單點警報,腔體即時壓力短暫碰觸 UCL 邊界，隨後恢復正常,林工程師
INC-20260722-1750,2026-07-22 15:07:00,fdc,腔體警報,Fab 14A,Tool-11,腔體壓力單點警報,腔體即時壓力短暫碰觸 UCL 邊界，隨後恢復正常,趙技術員
INC-20260722-1751,2026-07-22 17:06:00,others,帳號與權限,Fab 14A,Tool-43,密碼重設申請,工程師忘記密碼導致帳號被鎖定,黃專員
INC-20260722-1752,2026-07-22 16:16:00,others,帳號與權限,Fab 14A,Tool-88,新帳號權限開通,廠端新進作業員申請基礎檢視權限,王作業員
INC-20260723-1753,2026-07-23 10:31:00,ees,零件壽命,Fab 12B,Tool-57,Parts 壽命計數未重置,更換消耗性零件後，EES 介面仍顯示壽命過期警告,劉工程師
INC-20260723-1754,2026-07-23 14:17:00,ees,配方管理,Fab 12B,Tool-83,Recipe 參數上傳逾時,設備工程師修改參數後上傳 EES 主機回應逾時,趙技術員
INC-20260723-1755,2026-07-23 20:15:00,tcs/tap,報表與查詢,Fab 12B,General,搬運歷史紀錄匯出,工程師申請匯出昨日 OHT 搬運統計報表,劉工程師
INC-20260723-1756,2026-07-23 10:30:00,tcs/tap,設備通訊,Fab 12B,Track-03,設備狀態異常鎖定,Fab 12A Track-03 設備燈號變紅，TCS 介面顯示機台處於 Invalid State,林工程師
INC-20260723-1757,2026-07-23 20:31:00,tcs/tap,派工作業,Fab 12A,Track-03,機台卡站無法下線,Fab 12A Track-03 機台生產完畢後無法回傳結果至 TCS/TAP，已卡站 20 分鐘,李副理
INC-20260723-1758,2026-07-23 08:13:00,tcs/tap,設備通訊,Fab 12A,Track-03,設備狀態異常鎖定,Fab 12A Track-03 設備燈號變紅，TCS 介面顯示機台處於 Invalid State,李副理
INC-20260723-1759,2026-07-23 12:23:00,tcs/tap,配方管理,Fab 12B,Track-03,配方下載逾時,Track-03 準備跑新批次時，TAP 下載 Recipe 失敗，顯示網路逾時,黃專員
INC-20260723-1760,2026-07-23 13:55:00,fdc,腔體警報,Fab 15,Tool-93,腔體壓力單點警報,腔體即時壓力短暫碰觸 UCL 邊界，隨後恢復正常,王作業員
INC-20260723-1761,2026-07-23 13:20:00,others,帳號與權限,Fab 18,Tool-20,新帳號權限開通,廠端新進作業員申請基礎檢視權限,趙技術員
INC-20260723-1762,2026-07-23 17:18:00,others,週邊設備,Fab 18,Tool-31,印表機連線異常,標籤列印機無法收到網路列印指令,趙技術員
INC-20260724-1763,2026-07-24 14:40:00,ees,零件壽命,Fab 12A,General,Parts 壽命計數未重置,更換消耗性零件後，EES 介面仍顯示壽命過期警告,劉工程師
INC-20260724-1764,2026-07-24 11:20:00,ees,零件壽命,Fab 18,General,Parts 壽命計數未重置,更換消耗性零件後，EES 介面仍顯示壽命過期警告,黃專員
INC-20260724-1765,2026-07-24 12:56:00,tcs/tap,系統效能,Fab 14A,Tool-76,主機回應微幅延遲,尖峰排程時段 TCS 主機反應時間稍有波動,趙技術員
INC-20260724-1766,2026-07-24 14:10:00,tcs/tap,自動搬運,Fab 12B,Tool-94,搬運指令確認,自動搬運系統指令重試後成功進料,張組長
INC-20260724-1767,2026-07-24 19:44:00,tcs/tap,設備通訊,Fab 12B,Track-03,機台刷條碼無回應,Fab 12A Track-03 刷批次條碼後跳出 SECS/GEM 通訊逾時 (ERR_TIMEOUT_0x8004),陳技術員
INC-20260724-1768,2026-07-24 15:35:00,tcs/tap,設備通訊,Fab 12B,Tool-12,機台刷條碼無回應,Fab 12A Track-03 刷批次條碼後跳出 SECS/GEM 通訊逾時 (ERR_TIMEOUT_0x8004),林工程師
INC-20260724-1769,2026-07-24 12:39:00,tcs/tap,設備通訊,Fab 12B,Track-03,Track-03 連線中斷,機台軟體跳出與 TCS/TAP 主機中斷連線，重啟後依然無法連上,張組長
INC-20260724-1770,2026-07-24 19:18:00,tcs/tap,設備通訊,Fab 12B,Tool-31,Load Port 載入訊號延遲,OHT 天車放置晶圓盒後，TAP 交握訊號延遲約 10 秒,趙技術員
INC-20260724-1771,2026-07-24 18:22:00,fdc,模型維護,Fab 14B,Tool-79,模型微調通知,例行性 FDC 演算法閾值微調驗證,黃專員
INC-20260724-1772,2026-07-24 15:08:00,others,週邊設備,Fab 15,Tool-90,印表機連線異常,標籤列印機無法收到網路列印指令,張組長
INC-20260724-1773,2026-07-24 18:56:00,others,帳號與權限,Fab 15,Tool-78,新帳號權限開通,廠端新進作業員申請基礎檢視權限,劉工程師
INC-20260724-1774,2026-07-24 13:30:00,others,帳號與權限,Fab 12A,Tool-56,新帳號權限開通,廠端新進作業員申請基礎檢視權限,王作業員
INC-20260725-1775,2026-07-25 10:19:00,ees,零件壽命,Fab 12A,Tool-27,Parts 壽命計數未重置,更換消耗性零件後，EES 介面仍顯示壽命過期警告,林工程師
INC-20260725-1776,2026-07-25 12:30:00,ees,零件壽命,Fab 18,Tool-71,Parts 壽命計數未重置,更換消耗性零件後，EES 介面仍顯示壽命過期警告,林工程師
INC-20260725-1777,2026-07-25 20:18:00,tcs/tap,系統效能,Fab 15,General,主機回應微幅延遲,尖峰排程時段 TCS 主機反應時間稍有波動,王作業員
INC-20260725-1778,2026-07-25 16:27:00,tcs/tap,資料過帳,Fab 12B,Tool-17,Fab12A 批次過帳失敗,Track-03 派工作業異常中斷，畫面上顯示 Remote Host Closed Connection,劉工程師
INC-20260725-1779,2026-07-25 09:27:00,tcs/tap,資料過帳,Fab 12B,Track-03,Fab12A 批次過帳失敗,Track-03 派工作業異常中斷，畫面上顯示 Remote Host Closed Connection,王作業員
INC-20260725-1780,2026-07-25 14:12:00,tcs/tap,設備通訊,Fab 12B,Track-03,現場緊急呼叫,Fab 12A 黃光區 Track-03 機台無法進料，請盡速派員確認網路或主機連線,陳技術員
INC-20260725-1781,2026-07-25 17:28:00,tcs/tap,設備通訊,Fab 14B,General,Load Port 載入訊號延遲,OHT 天車放置晶圓盒後，TAP 交握訊號延遲約 10 秒,李副理
INC-20260725-1782,2026-07-25 10:03:00,tcs/tap,派工作業,Fab 12A,Track-03,機台卡站無法下線,Fab 12A Track-03 機台生產完畢後無法回傳結果至 TCS/TAP，已卡站 20 分鐘,林工程師
INC-20260725-1783,2026-07-25 15:46:00,fdc,感測器異常,Fab 12B,General,Sensor 取樣頻率異常,偵測到單一 Sensor SVID 採樣週期跳動，已通知設備檢查,林工程師
INC-20260725-1784,2026-07-25 15:13:00,fdc,資料採集,Fab 14B,General,Log 傳輸佇列累積,短暫網路震盪導致 FDC Log 採集有 30 秒延遲,黃專員
INC-20260725-1785,2026-07-25 13:29:00,fdc,腔體警報,Fab 14A,General,腔體壓力單點警報,腔體即時壓力短暫碰觸 UCL 邊界，隨後恢復正常,林工程師
INC-20260725-1786,2026-07-25 12:49:00,others,帳號與權限,Fab 12A,Tool-33,密碼重設申請,工程師忘記密碼導致帳號被鎖定,劉工程師
INC-20260726-1787,2026-07-26 14:53:00,ees,帳號與權限,Fab 12A,Tool-41,權限開通申請,廠端新進作業員申請基礎檢視權限,林工程師
INC-20260726-1788,2026-07-26 20:28:00,ees,帳號與權限,Fab 18,Tool-35,權限開通申請,廠端新進作業員申請基礎檢視權限,王作業員
INC-20260726-1789,2026-07-26 16:42:00,tcs/tap,派工作業,Fab 12B,Tool-15,Track-03 派工通訊中斷,現場反映 Fab 12A 的 Track-03 機台按 Dispatch 沒有反應，卡在通訊等待狀態,王作業員
INC-20260726-1790,2026-07-26 19:59:00,tcs/tap,派工作業,Fab 12B,Track-03,Track-03 派工通訊中斷,現場反映 Fab 12A 的 Track-03 機台按 Dispatch 沒有反應，卡在通訊等待狀態,陳技術員
INC-20260726-1791,2026-07-26 18:13:00,tcs/tap,派工作業,Fab 12B,Track-03,機台卡站無法下線,Fab 12A Track-03 機台生產完畢後無法回傳結果至 TCS/TAP，已卡站 20 分鐘,陳技術員
INC-20260726-1792,2026-07-26 17:07:00,fdc,感測器異常,Fab 12B,General,Sensor 取樣頻率異常,偵測到單一 Sensor SVID 採樣週期跳動，已通知設備檢查,劉工程師
INC-20260726-1793,2026-07-26 17:50:00,fdc,感測器異常,Fab 18,Tool-57,Sensor 取樣頻率異常,偵測到單一 Sensor SVID 採樣週期跳動，已通知設備檢查,趙技術員
INC-20260726-1794,2026-07-26 10:31:00,others,帳號與權限,Fab 18,Tool-90,密碼重設申請,工程師忘記密碼導致帳號被鎖定,陳技術員
INC-20260727-1795,2026-07-27 13:41:00,ees,配方管理,Fab 18,Tool-23,Recipe 參數上傳逾時,設備工程師修改參數後上傳 EES 主機回應逾時,張組長
INC-20260727-1796,2026-07-27 13:35:00,tcs/tap,報表與查詢,Fab 14B,Tool-12,搬運歷史紀錄匯出,工程師申請匯出昨日 OHT 搬運統計報表,黃專員
INC-20260727-1797,2026-07-27 14:22:00,tcs/tap,設備通訊,Fab 12A,Track-03,現場緊急呼叫,Fab 12A 黃光區 Track-03 機台無法進料，請盡速派員確認網路或主機連線,張組長
INC-20260727-1798,2026-07-27 16:18:00,tcs/tap,設備通訊,Fab 12A,Tool-20,現場緊急呼叫,Fab 12A 黃光區 Track-03 機台無法進料，請盡速派員確認網路或主機連線,趙技術員
INC-20260727-1799,2026-07-27 12:55:00,tcs/tap,資料過帳,Fab 12A,Track-03,Fab12A 批次過帳失敗,Track-03 派工作業異常中斷，畫面上顯示 Remote Host Closed Connection,張組長
INC-20260727-1800,2026-07-27 13:29:00,fdc,感測器異常,Fab 18,Tool-33,Sensor 取樣頻率異常,偵測到單一 Sensor SVID 採樣週期跳動，已通知設備檢查,林工程師
INC-20260727-1801,2026-07-27 17:54:00,fdc,感測器異常,Fab 15,General,Sensor 取樣頻率異常,偵測到單一 Sensor SVID 採樣週期跳動，已通知設備檢查,黃專員
INC-20260727-1802,2026-07-27 18:34:00,fdc,腔體警報,Fab 12B,Tool-73,腔體壓力單點警報,腔體即時壓力短暫碰觸 UCL 邊界，隨後恢復正常,劉工程師
INC-20260727-1803,2026-07-27 12:20:00,others,帳號與權限,Fab 18,General,密碼重設申請,工程師忘記密碼導致帳號被鎖定,劉工程師
INC-20260727-1804,2026-07-27 16:42:00,others,帳號與權限,Fab 12A,Tool-26,密碼重設申請,工程師忘記密碼導致帳號被鎖定,陳技術員
INC-20260727-1805,2026-07-27 08:12:00,others,帳號與權限,Fab 14B,General,密碼重設申請,工程師忘記密碼導致帳號被鎖定,陳技術員
INC-20260728-1806,2026-07-28 18:53:00,ees,零件壽命,Fab 18,Tool-89,Parts 壽命計數未重置,更換消耗性零件後，EES 介面仍顯示壽命過期警告,劉工程師
INC-20260728-1807,2026-07-28 08:23:00,ees,配方管理,Fab 15,Tool-11,Recipe 參數上傳逾時,設備工程師修改參數後上傳 EES 主機回應逾時,王作業員
INC-20260728-1808,2026-07-28 18:31:00,ees,零件壽命,Fab 14B,Tool-17,Parts 壽命計數未重置,更換消耗性零件後，EES 介面仍顯示壽命過期警告,陳技術員
INC-20260728-1809,2026-07-28 13:50:00,tcs/tap,自動搬運,Fab 14A,Tool-19,搬運指令確認,自動搬運系統指令重試後成功進料,林工程師
INC-20260728-1810,2026-07-28 09:13:00,tcs/tap,設備通訊,Fab 12A,Tool-16,Track-03 連線中斷,機台軟體跳出與 TCS/TAP 主機中斷連線，重啟後依然無法連上,陳技術員
INC-20260728-1811,2026-07-28 16:42:00,tcs/tap,配方管理,Fab 12A,Tool-27,配方下載逾時,Track-03 準備跑新批次時，TAP 下載 Recipe 失敗，顯示網路逾時,王作業員
INC-20260728-1812,2026-07-28 19:06:00,tcs/tap,派工作業,Fab 18,Tool-23,單一機台派工等待,機台換批時派工佇列稍有延遲，重整後已正常,黃專員
INC-20260728-1813,2026-07-28 20:11:00,tcs/tap,設備通訊,Fab 12A,Tool-29,現場緊急呼叫,Fab 12A 黃光區 Track-03 機台無法進料，請盡速派員確認網路或主機連線,劉工程師
INC-20260728-1814,2026-07-28 13:57:00,tcs/tap,配方管理,Fab 12B,Tool-23,配方下載逾時,Track-03 準備跑新批次時，TAP 下載 Recipe 失敗，顯示網路逾時,黃專員
INC-20260728-1815,2026-07-28 13:38:00,fdc,模型維護,Fab 15,Tool-58,模型微調通知,例行性 FDC 演算法閾值微調驗證,王作業員
INC-20260728-1816,2026-07-28 13:28:00,fdc,感測器異常,Fab 14B,General,Sensor 取樣頻率異常,偵測到單一 Sensor SVID 採樣週期跳動，已通知設備檢查,趙技術員
INC-20260728-1817,2026-07-28 12:38:00,fdc,模型維護,Fab 15,General,模型微調通知,例行性 FDC 演算法閾值微調驗證,林工程師
INC-20260728-1818,2026-07-28 12:14:00,others,週邊設備,Fab 14A,General,印表機連線異常,標籤列印機無法收到網路列印指令,王作業員
INC-20260729-1819,2026-07-29 16:32:00,ees,零件壽命,Fab 12A,General,Parts 壽命計數未重置,更換消耗性零件後，EES 介面仍顯示壽命過期警告,張組長
INC-20260729-1820,2026-07-29 10:08:00,ees,配方管理,Fab 14A,Tool-41,Recipe 參數上傳逾時,設備工程師修改參數後上傳 EES 主機回應逾時,李副理
INC-20260729-1821,2026-07-29 09:36:00,tcs/tap,設備通訊,Fab 12A,Tool-20,現場緊急呼叫,Fab 12A 黃光區 Track-03 機台無法進料，請盡速派員確認網路或主機連線,劉工程師
INC-20260729-1822,2026-07-29 10:31:00,tcs/tap,配方管理,Fab 12B,Track-03,配方下載逾時,Track-03 準備跑新批次時，TAP 下載 Recipe 失敗，顯示網路逾時,陳技術員
INC-20260729-1823,2026-07-29 09:49:00,tcs/tap,系統效能,Fab 14A,General,主機回應微幅延遲,尖峰排程時段 TCS 主機反應時間稍有波動,林工程師
INC-20260729-1824,2026-07-29 14:59:00,tcs/tap,設備通訊,Fab 12B,Tool-87,Load Port 載入訊號延遲,OHT 天車放置晶圓盒後，TAP 交握訊號延遲約 10 秒,陳技術員
INC-20260729-1825,2026-07-29 18:49:00,tcs/tap,派工作業,Fab 12A,Track-03,機台卡站無法下線,Fab 12A Track-03 機台生產完畢後無法回傳結果至 TCS/TAP，已卡站 20 分鐘,劉工程師
INC-20260729-1826,2026-07-29 16:44:00,fdc,資料採集,Fab 12B,General,Log 傳輸佇列累積,短暫網路震盪導致 FDC Log 採集有 30 秒延遲,王作業員
INC-20260729-1827,2026-07-29 15:48:00,fdc,腔體警報,Fab 12B,Tool-60,腔體壓力單點警報,腔體即時壓力短暫碰觸 UCL 邊界，隨後恢復正常,陳技術員
INC-20260729-1828,2026-07-29 13:05:00,others,帳號與權限,Fab 15,Tool-80,新帳號權限開通,廠端新進作業員申請基礎檢視權限,趙技術員
INC-20260730-1829,2026-07-30 09:25:00,ees,配方管理,Fab 18,General,Recipe 參數上傳逾時,設備工程師修改參數後上傳 EES 主機回應逾時,劉工程師
INC-20260730-1830,2026-07-30 15:35:00,ees,配方管理,Fab 14B,General,Recipe 參數上傳逾時,設備工程師修改參數後上傳 EES 主機回應逾時,王作業員
INC-20260730-1831,2026-07-30 11:04:00,tcs/tap,設備通訊,Fab 14A,Tool-83,Load Port 載入訊號延遲,OHT 天車放置晶圓盒後，TAP 交握訊號延遲約 10 秒,李副理
INC-20260730-1832,2026-07-30 09:42:00,tcs/tap,設備通訊,Fab 12B,Track-03,設備狀態異常鎖定,Fab 12A Track-03 設備燈號變紅，TCS 介面顯示機台處於 Invalid State,劉工程師
INC-20260730-1833,2026-07-30 17:41:00,tcs/tap,系統效能,Fab 12B,Tool-88,主機回應微幅延遲,尖峰排程時段 TCS 主機反應時間稍有波動,林工程師
INC-20260730-1834,2026-07-30 17:09:00,tcs/tap,設備通訊,Fab 12A,Track-03,設備狀態異常鎖定,Fab 12A Track-03 設備燈號變紅，TCS 介面顯示機台處於 Invalid State,趙技術員
INC-20260730-1835,2026-07-30 20:46:00,fdc,腔體警報,Fab 12A,Tool-41,腔體壓力單點警報,腔體即時壓力短暫碰觸 UCL 邊界，隨後恢復正常,陳技術員
INC-20260730-1836,2026-07-30 08:21:00,others,帳號與權限,Fab 14A,Tool-12,新帳號權限開通,廠端新進作業員申請基礎檢視權限,陳技術員
INC-20260730-1837,2026-07-30 11:47:00,others,週邊設備,Fab 12B,Tool-43,印表機連線異常,標籤列印機無法收到網路列印指令,王作業員
INC-20260731-1838,2026-07-31 17:46:00,ees,帳號與權限,Fab 18,Tool-12,權限開通申請,廠端新進作業員申請基礎檢視權限,張組長
INC-20260731-1839,2026-07-31 17:57:00,ees,零件壽命,Fab 14A,General,Parts 壽命計數未重置,更換消耗性零件後，EES 介面仍顯示壽命過期警告,林工程師
INC-20260731-1840,2026-07-31 08:29:00,tcs/tap,設備通訊,Fab 12B,Tool-21,機台刷條碼無回應,Fab 12A Track-03 刷批次條碼後跳出 SECS/GEM 通訊逾時 (ERR_TIMEOUT_0x8004),林工程師
INC-20260731-1841,2026-07-31 08:18:00,tcs/tap,設備通訊,Fab 12B,Tool-13,設備狀態異常鎖定,Fab 12A Track-03 設備燈號變紅，TCS 介面顯示機台處於 Invalid State,劉工程師
INC-20260731-1842,2026-07-31 15:55:00,tcs/tap,派工作業,Fab 12B,Tool-10,Track-03 派工通訊中斷,現場反映 Fab 12A 的 Track-03 機台按 Dispatch 沒有反應，卡在通訊等待狀態,陳技術員
INC-20260731-1843,2026-07-31 11:59:00,tcs/tap,設備通訊,Fab 12B,Tool-10,設備狀態異常鎖定,Fab 12A Track-03 設備燈號變紅，TCS 介面顯示機台處於 Invalid State,李副理
INC-20260731-1844,2026-07-31 18:22:00,tcs/tap,自動搬運,Fab 12B,Tool-74,搬運指令確認,自動搬運系統指令重試後成功進料,黃專員
INC-20260731-1845,2026-07-31 18:16:00,fdc,腔體警報,Fab 12A,Tool-45,腔體壓力單點警報,腔體即時壓力短暫碰觸 UCL 邊界，隨後恢復正常,劉工程師
INC-20260731-1846,2026-07-31 13:57:00,others,週邊設備,Fab 18,General,印表機連線異常,標籤列印機無法收到網路列印指令,劉工程師
INC-20260801-1847,2026-08-01 16:43:00,ees,配方管理,Fab 14B,General,Recipe 參數上傳逾時,設備工程師修改參數後上傳 EES 主機回應逾時,王作業員
INC-20260801-1848,2026-08-01 14:19:00,ees,配方管理,Fab 14B,Tool-36,Recipe 參數上傳逾時,設備工程師修改參數後上傳 EES 主機回應逾時,黃專員
INC-20260801-1849,2026-08-01 16:43:00,tcs/tap,報表與查詢,Fab 12B,General,搬運歷史紀錄匯出,工程師申請匯出昨日 OHT 搬運統計報表,王作業員
INC-20260801-1850,2026-08-01 16:58:00,tcs/tap,報表與查詢,Fab 14B,Tool-28,搬運歷史紀錄匯出,工程師申請匯出昨日 OHT 搬運統計報表,張組長
INC-20260801-1851,2026-08-01 17:58:00,tcs/tap,帳號與權限,Fab 14A,General,操作員權限異動,作業員請假交接，暫時調整 TAP 機台控制權限,張組長
INC-20260801-1852,2026-08-01 09:11:00,fdc,資料採集,Fab 12B,Tool-50,Log 傳輸佇列累積,短暫網路震盪導致 FDC Log 採集有 30 秒延遲,黃專員
INC-20260801-1853,2026-08-01 14:19:00,fdc,模型維護,Fab 18,Tool-91,模型微調通知,例行性 FDC 演算法閾值微調驗證,趙技術員
INC-20260801-1854,2026-08-01 10:49:00,fdc,感測器異常,Fab 12A,General,Sensor 取樣頻率異常,偵測到單一 Sensor SVID 採樣週期跳動，已通知設備檢查,王作業員
INC-20260801-1855,2026-08-01 17:17:00,others,週邊設備,Fab 15,General,印表機連線異常,標籤列印機無法收到網路列印指令,王作業員
INC-20260801-1856,2026-08-01 08:22:00,others,週邊設備,Fab 18,Tool-27,印表機連線異常,標籤列印機無法收到網路列印指令,陳技術員
INC-20260801-1857,2026-08-01 17:30:00,others,帳號與權限,Fab 12B,Tool-72,新帳號權限開通,廠端新進作業員申請基礎檢視權限,黃專員
INC-20260802-1858,2026-08-02 10:12:00,ees,零件壽命,Fab 12A,Tool-11,Parts 壽命計數未重置,更換消耗性零件後，EES 介面仍顯示壽命過期警告,王作業員
INC-20260802-1859,2026-08-02 11:47:00,tcs/tap,系統效能,Fab 12B,General,主機回應微幅延遲,尖峰排程時段 TCS 主機反應時間稍有波動,王作業員
INC-20260802-1860,2026-08-02 17:31:00,tcs/tap,系統效能,Fab 14B,Tool-64,主機回應微幅延遲,尖峰排程時段 TCS 主機反應時間稍有波動,黃專員
INC-20260802-1861,2026-08-02 17:47:00,fdc,感測器異常,Fab 18,General,Sensor 取樣頻率異常,偵測到單一 Sensor SVID 採樣週期跳動，已通知設備檢查,劉工程師
INC-20260802-1862,2026-08-02 09:28:00,others,週邊設備,Fab 12A,Tool-41,印表機連線異常,標籤列印機無法收到網路列印指令,趙技術員
INC-20260802-1863,2026-08-02 16:25:00,others,週邊設備,Fab 15,General,印表機連線異常,標籤列印機無法收到網路列印指令,林工程師
INC-20260802-1864,2026-08-02 08:12:00,others,帳號與權限,Fab 14B,General,新帳號權限開通,廠端新進作業員申請基礎檢視權限,李副理
INC-20260803-1865,2026-08-03 15:10:00,ees,配方管理,Fab 14A,Tool-16,Recipe 參數上傳逾時,設備工程師修改參數後上傳 EES 主機回應逾時,劉工程師
INC-20260803-1866,2026-08-03 15:53:00,ees,配方管理,Fab 12A,Tool-24,Recipe 參數上傳逾時,設備工程師修改參數後上傳 EES 主機回應逾時,趙技術員
INC-20260803-1867,2026-08-03 19:34:00,tcs/tap,設備通訊,Fab 14B,Tool-67,Load Port 載入訊號延遲,OHT 天車放置晶圓盒後，TAP 交握訊號延遲約 10 秒,張組長
INC-20260803-1868,2026-08-03 10:29:00,tcs/tap,自動搬運,Fab 14B,General,搬運指令確認,自動搬運系統指令重試後成功進料,王作業員
INC-20260803-1869,2026-08-03 19:41:00,tcs/tap,設備通訊,Fab 18,Tool-21,Load Port 載入訊號延遲,OHT 天車放置晶圓盒後，TAP 交握訊號延遲約 10 秒,張組長
INC-20260803-1870,2026-08-03 15:40:00,fdc,腔體警報,Fab 12A,Tool-59,腔體壓力單點警報,腔體即時壓力短暫碰觸 UCL 邊界，隨後恢復正常,黃專員
INC-20260803-1871,2026-08-03 14:35:00,fdc,腔體警報,Fab 12A,Tool-52,腔體壓力單點警報,腔體即時壓力短暫碰觸 UCL 邊界，隨後恢復正常,劉工程師
INC-20260803-1872,2026-08-03 10:55:00,fdc,資料採集,Fab 12B,Tool-16,Log 傳輸佇列累積,短暫網路震盪導致 FDC Log 採集有 30 秒延遲,張組長
INC-20260803-1873,2026-08-03 12:46:00,others,帳號與權限,Fab 14A,Tool-25,密碼重設申請,工程師忘記密碼導致帳號被鎖定,趙技術員
INC-20260803-1874,2026-08-03 11:00:00,others,週邊設備,Fab 12A,Tool-73,印表機連線異常,標籤列印機無法收到網路列印指令,李副理
INC-20260804-1875,2026-08-04 17:56:00,ees,帳號與權限,Fab 12B,General,權限開通申請,廠端新進作業員申請基礎檢視權限,趙技術員
INC-20260804-1876,2026-08-04 14:28:00,tcs/tap,帳號與權限,Fab 15,Tool-41,操作員權限異動,作業員請假交接，暫時調整 TAP 機台控制權限,陳技術員
INC-20260804-1877,2026-08-04 12:39:00,tcs/tap,設備通訊,Fab 12A,General,Load Port 載入訊號延遲,OHT 天車放置晶圓盒後，TAP 交握訊號延遲約 10 秒,王作業員
INC-20260804-1878,2026-08-04 13:02:00,fdc,模型維護,Fab 12A,Tool-87,模型微調通知,例行性 FDC 演算法閾值微調驗證,張組長
INC-20260804-1879,2026-08-04 13:58:00,fdc,腔體警報,Fab 12A,General,腔體壓力單點警報,腔體即時壓力短暫碰觸 UCL 邊界，隨後恢復正常,陳技術員
INC-20260804-1880,2026-08-04 10:43:00,fdc,腔體警報,Fab 15,Tool-99,腔體壓力單點警報,腔體即時壓力短暫碰觸 UCL 邊界，隨後恢復正常,李副理
INC-20260804-1881,2026-08-04 19:37:00,others,帳號與權限,Fab 12A,General,新帳號權限開通,廠端新進作業員申請基礎檢視權限,黃專員
INC-20260804-1882,2026-08-04 13:23:00,others,帳號與權限,Fab 12A,Tool-80,密碼重設申請,工程師忘記密碼導致帳號被鎖定,劉工程師
INC-20260805-1883,2026-08-05 15:08:00,ees,帳號與權限,Fab 18,Tool-52,權限開通申請,廠端新進作業員申請基礎檢視權限,陳技術員
INC-20260805-1884,2026-08-05 16:13:00,ees,PM保養,Fab 15,General,PM 保養工單結案失敗,機台完成年度 PM 後，於 EES 點選完工無法同步更新狀態,王作業員
INC-20260805-1885,2026-08-05 19:44:00,tcs/tap,自動搬運,Fab 14B,Tool-50,搬運指令確認,自動搬運系統指令重試後成功進料,李副理
INC-20260805-1886,2026-08-05 16:36:00,tcs/tap,帳號與權限,Fab 12B,Tool-73,操作員權限異動,作業員請假交接，暫時調整 TAP 機台控制權限,黃專員
INC-20260805-1887,2026-08-05 18:31:00,fdc,模型維護,Fab 12B,Tool-39,模型微調通知,例行性 FDC 演算法閾值微調驗證,趙技術員
INC-20260805-1888,2026-08-05 11:00:00,fdc,腔體警報,Fab 12A,Tool-25,腔體壓力單點警報,腔體即時壓力短暫碰觸 UCL 邊界，隨後恢復正常,陳技術員
INC-20260805-1889,2026-08-05 20:39:00,fdc,模型維護,Fab 14B,General,模型微調通知,例行性 FDC 演算法閾值微調驗證,劉工程師
INC-20260805-1890,2026-08-05 20:40:00,others,帳號與權限,Fab 12A,Tool-98,新帳號權限開通,廠端新進作業員申請基礎檢視權限,王作業員
INC-20260805-1891,2026-08-05 12:50:00,others,週邊設備,Fab 14A,General,印表機連線異常,標籤列印機無法收到網路列印指令,陳技術員
INC-20260805-1892,2026-08-05 13:49:00,others,帳號與權限,Fab 12A,Tool-53,新帳號權限開通,廠端新進作業員申請基礎檢視權限,林工程師
INC-20260806-1893,2026-08-06 17:39:00,ees,零件壽命,Fab 12B,General,Parts 壽命計數未重置,更換消耗性零件後，EES 介面仍顯示壽命過期警告,林工程師
INC-20260806-1894,2026-08-06 18:30:00,ees,配方管理,Fab 12A,Tool-71,Recipe 參數上傳逾時,設備工程師修改參數後上傳 EES 主機回應逾時,趙技術員
INC-20260806-1895,2026-08-06 18:29:00,ees,PM保養,Fab 14B,Tool-62,PM 保養工單結案失敗,機台完成年度 PM 後，於 EES 點選完工無法同步更新狀態,黃專員
INC-20260806-1896,2026-08-06 12:36:00,tcs/tap,帳號與權限,Fab 15,Tool-36,操作員權限異動,作業員請假交接，暫時調整 TAP 機台控制權限,黃專員
INC-20260806-1897,2026-08-06 18:21:00,tcs/tap,設備通訊,Fab 12A,Tool-45,Load Port 載入訊號延遲,OHT 天車放置晶圓盒後，TAP 交握訊號延遲約 10 秒,黃專員
INC-20260806-1898,2026-08-06 13:24:00,tcs/tap,帳號與權限,Fab 15,Tool-33,操作員權限異動,作業員請假交接，暫時調整 TAP 機台控制權限,張組長
INC-20260806-1899,2026-08-06 20:48:00,fdc,模型維護,Fab 18,Tool-14,模型微調通知,例行性 FDC 演算法閾值微調驗證,李副理
INC-20260806-1900,2026-08-06 09:31:00,others,帳號與權限,Fab 14A,Tool-48,密碼重設申請,工程師忘記密碼導致帳號被鎖定,王作業員
INC-20260806-1901,2026-08-06 16:19:00,others,帳號與權限,Fab 12A,General,密碼重設申請,工程師忘記密碼導致帳號被鎖定,張組長
INC-20260807-1902,2026-08-07 09:28:00,ees,配方管理,Fab 14B,Tool-29,Recipe 參數上傳逾時,設備工程師修改參數後上傳 EES 主機回應逾時,林工程師
INC-20260807-1903,2026-08-07 15:46:00,tcs/tap,設備通訊,Fab 14A,General,Load Port 載入訊號延遲,OHT 天車放置晶圓盒後，TAP 交握訊號延遲約 10 秒,李副理
INC-20260807-1904,2026-08-07 16:43:00,tcs/tap,系統效能,Fab 12B,Tool-68,主機回應微幅延遲,尖峰排程時段 TCS 主機反應時間稍有波動,張組長
INC-20260807-1905,2026-08-07 16:07:00,fdc,感測器異常,Fab 14A,Tool-97,Sensor 取樣頻率異常,偵測到單一 Sensor SVID 採樣週期跳動，已通知設備檢查,林工程師
INC-20260807-1906,2026-08-07 13:29:00,fdc,模型維護,Fab 12A,Tool-94,模型微調通知,例行性 FDC 演算法閾值微調驗證,林工程師
INC-20260807-1907,2026-08-07 08:36:00,fdc,腔體警報,Fab 18,Tool-51,腔體壓力單點警報,腔體即時壓力短暫碰觸 UCL 邊界，隨後恢復正常,李副理
INC-20260807-1908,2026-08-07 12:17:00,others,帳號與權限,Fab 14B,Tool-44,密碼重設申請,工程師忘記密碼導致帳號被鎖定,黃專員
INC-20260808-1909,2026-08-08 12:07:00,ees,配方管理,Fab 15,Tool-23,Recipe 參數上傳逾時,設備工程師修改參數後上傳 EES 主機回應逾時,林工程師
INC-20260808-1910,2026-08-08 13:35:00,tcs/tap,報表與查詢,Fab 14A,General,搬運歷史紀錄匯出,工程師申請匯出昨日 OHT 搬運統計報表,黃專員
INC-20260808-1911,2026-08-08 20:18:00,tcs/tap,帳號與權限,Fab 12B,General,操作員權限異動,作業員請假交接，暫時調整 TAP 機台控制權限,王作業員
INC-20260808-1912,2026-08-08 13:34:00,tcs/tap,系統效能,Fab 12A,General,主機回應微幅延遲,尖峰排程時段 TCS 主機反應時間稍有波動,趙技術員
INC-20260808-1913,2026-08-08 08:06:00,fdc,資料採集,Fab 12A,General,Log 傳輸佇列累積,短暫網路震盪導致 FDC Log 採集有 30 秒延遲,劉工程師
INC-20260808-1914,2026-08-08 10:45:00,fdc,模型維護,Fab 15,General,模型微調通知,例行性 FDC 演算法閾值微調驗證,趙技術員
INC-20260808-1915,2026-08-08 11:45:00,fdc,資料採集,Fab 14B,Tool-21,Log 傳輸佇列累積,短暫網路震盪導致 FDC Log 採集有 30 秒延遲,陳技術員
INC-20260808-1916,2026-08-08 15:19:00,others,帳號與權限,Fab 14B,General,密碼重設申請,工程師忘記密碼導致帳號被鎖定,趙技術員
INC-20260809-1917,2026-08-09 17:16:00,ees,零件壽命,Fab 14B,General,Parts 壽命計數未重置,更換消耗性零件後，EES 介面仍顯示壽命過期警告,黃專員
INC-20260809-1918,2026-08-09 15:31:00,tcs/tap,系統效能,Fab 12A,Tool-54,主機回應微幅延遲,尖峰排程時段 TCS 主機反應時間稍有波動,林工程師
INC-20260809-1919,2026-08-09 15:54:00,tcs/tap,帳號與權限,Fab 14A,Tool-87,操作員權限異動,作業員請假交接，暫時調整 TAP 機台控制權限,張組長
INC-20260809-1920,2026-08-09 16:06:00,fdc,感測器異常,Fab 18,Tool-51,Sensor 取樣頻率異常,偵測到單一 Sensor SVID 採樣週期跳動，已通知設備檢查,劉工程師
INC-20260809-1921,2026-08-09 16:29:00,others,帳號與權限,Fab 15,Tool-89,密碼重設申請,工程師忘記密碼導致帳號被鎖定,劉工程師
INC-20260809-1922,2026-08-09 16:10:00,others,帳號與權限,Fab 14B,General,密碼重設申請,工程師忘記密碼導致帳號被鎖定,趙技術員
INC-20260810-1923,2026-08-10 17:27:00,ees,配方管理,Fab 15,Tool-79,Recipe 參數上傳逾時,設備工程師修改參數後上傳 EES 主機回應逾時,劉工程師
INC-20260810-1924,2026-08-10 10:42:00,ees,帳號與權限,Fab 18,Tool-83,權限開通申請,廠端新進作業員申請基礎檢視權限,陳技術員
INC-20260810-1925,2026-08-10 09:37:00,ees,配方管理,Fab 14A,Tool-66,Recipe 參數上傳逾時,設備工程師修改參數後上傳 EES 主機回應逾時,趙技術員
INC-20260810-1926,2026-08-10 14:04:00,tcs/tap,自動搬運,Fab 18,Tool-58,搬運指令確認,自動搬運系統指令重試後成功進料,陳技術員
INC-20260810-1927,2026-08-10 15:41:00,tcs/tap,派工作業,Fab 12A,General,單一機台派工等待,機台換批時派工佇列稍有延遲，重整後已正常,林工程師
INC-20260810-1928,2026-08-10 20:40:00,fdc,模型維護,Fab 12B,Tool-67,模型微調通知,例行性 FDC 演算法閾值微調驗證,林工程師
INC-20260810-1929,2026-08-10 14:39:00,fdc,模型維護,Fab 12B,General,模型微調通知,例行性 FDC 演算法閾值微調驗證,趙技術員
INC-20260810-1930,2026-08-10 12:36:00,fdc,感測器異常,Fab 14B,Tool-54,Sensor 取樣頻率異常,偵測到單一 Sensor SVID 採樣週期跳動，已通知設備檢查,李副理
INC-20260810-1931,2026-08-10 08:39:00,others,帳號與權限,Fab 12B,Tool-17,新帳號權限開通,廠端新進作業員申請基礎檢視權限,劉工程師
INC-20260810-1932,2026-08-10 16:03:00,others,帳號與權限,Fab 18,Tool-55,密碼重設申請,工程師忘記密碼導致帳號被鎖定,林工程師
INC-20260810-1933,2026-08-10 12:55:00,others,帳號與權限,Fab 12B,Tool-85,新帳號權限開通,廠端新進作業員申請基礎檢視權限,林工程師
INC-20260811-1934,2026-08-11 13:45:00,ees,配方管理,Fab 14B,General,Recipe 參數上傳逾時,設備工程師修改參數後上傳 EES 主機回應逾時,劉工程師
INC-20260811-1935,2026-08-11 18:11:00,ees,帳號與權限,Fab 12B,General,權限開通申請,廠端新進作業員申請基礎檢視權限,趙技術員
INC-20260811-1936,2026-08-11 13:53:00,ees,配方管理,Fab 12B,General,Recipe 參數上傳逾時,設備工程師修改參數後上傳 EES 主機回應逾時,劉工程師
INC-20260811-1937,2026-08-11 08:04:00,tcs/tap,報表與查詢,Fab 12B,Tool-72,搬運歷史紀錄匯出,工程師申請匯出昨日 OHT 搬運統計報表,林工程師
INC-20260811-1938,2026-08-11 10:05:00,fdc,資料採集,Fab 18,Tool-68,Log 傳輸佇列累積,短暫網路震盪導致 FDC Log 採集有 30 秒延遲,張組長
INC-20260811-1939,2026-08-11 17:11:00,fdc,資料採集,Fab 15,Tool-67,Log 傳輸佇列累積,短暫網路震盪導致 FDC Log 採集有 30 秒延遲,趙技術員
INC-20260811-1940,2026-08-11 11:11:00,others,帳號與權限,Fab 15,General,新帳號權限開通,廠端新進作業員申請基礎檢視權限,劉工程師
INC-20260811-1941,2026-08-11 19:15:00,others,帳號與權限,Fab 14B,Tool-83,新帳號權限開通,廠端新進作業員申請基礎檢視權限,李副理
INC-20260812-1942,2026-08-12 08:36:00,ees,帳號與權限,Fab 18,General,權限開通申請,廠端新進作業員申請基礎檢視權限,趙技術員
INC-20260812-1943,2026-08-12 09:09:00,tcs/tap,帳號與權限,Fab 14B,Tool-76,操作員權限異動,作業員請假交接，暫時調整 TAP 機台控制權限,李副理
INC-20260812-1944,2026-08-12 09:15:00,tcs/tap,設備通訊,Fab 18,Tool-95,Load Port 載入訊號延遲,OHT 天車放置晶圓盒後，TAP 交握訊號延遲約 10 秒,趙技術員
INC-20260812-1945,2026-08-12 18:40:00,tcs/tap,自動搬運,Fab 15,General,搬運指令確認,自動搬運系統指令重試後成功進料,李副理
INC-20260812-1946,2026-08-12 20:00:00,fdc,模型維護,Fab 14B,Tool-70,模型微調通知,例行性 FDC 演算法閾值微調驗證,趙技術員
INC-20260812-1947,2026-08-12 14:22:00,fdc,模型維護,Fab 14A,General,模型微調通知,例行性 FDC 演算法閾值微調驗證,李副理
INC-20260812-1948,2026-08-12 19:50:00,fdc,腔體警報,Fab 12A,Tool-84,腔體壓力單點警報,腔體即時壓力短暫碰觸 UCL 邊界，隨後恢復正常,李副理
INC-20260812-1949,2026-08-12 08:42:00,others,帳號與權限,Fab 18,Tool-46,新帳號權限開通,廠端新進作業員申請基礎檢視權限,李副理
INC-20260812-1950,2026-08-12 09:08:00,others,週邊設備,Fab 14A,General,印表機連線異常,標籤列印機無法收到網路列印指令,陳技術員
INC-20260812-1951,2026-08-12 12:17:00,others,帳號與權限,Fab 12A,Tool-87,密碼重設申請,工程師忘記密碼導致帳號被鎖定,李副理
INC-20260813-1952,2026-08-13 19:09:00,ees,配方管理,Fab 14A,Tool-43,Recipe 參數上傳逾時,設備工程師修改參數後上傳 EES 主機回應逾時,趙技術員
INC-20260813-1953,2026-08-13 15:11:00,ees,配方管理,Fab 14A,Tool-28,Recipe 參數上傳逾時,設備工程師修改參數後上傳 EES 主機回應逾時,林工程師
INC-20260813-1954,2026-08-13 15:48:00,ees,帳號與權限,Fab 14B,General,權限開通申請,廠端新進作業員申請基礎檢視權限,劉工程師
INC-20260813-1955,2026-08-13 18:10:00,tcs/tap,設備通訊,Fab 15,Tool-54,Load Port 載入訊號延遲,OHT 天車放置晶圓盒後，TAP 交握訊號延遲約 10 秒,王作業員
INC-20260813-1956,2026-08-13 18:16:00,tcs/tap,系統效能,Fab 12A,General,主機回應微幅延遲,尖峰排程時段 TCS 主機反應時間稍有波動,陳技術員
INC-20260813-1957,2026-08-13 15:19:00,tcs/tap,派工作業,Fab 18,Tool-78,單一機台派工等待,機台換批時派工佇列稍有延遲，重整後已正常,趙技術員
INC-20260813-1958,2026-08-13 18:45:00,fdc,資料採集,Fab 14B,General,Log 傳輸佇列累積,短暫網路震盪導致 FDC Log 採集有 30 秒延遲,劉工程師
INC-20260813-1959,2026-08-13 08:18:00,fdc,感測器異常,Fab 14B,Tool-77,Sensor 取樣頻率異常,偵測到單一 Sensor SVID 採樣週期跳動，已通知設備檢查,趙技術員
INC-20260813-1960,2026-08-13 16:40:00,others,帳號與權限,Fab 14B,Tool-93,新帳號權限開通,廠端新進作業員申請基礎檢視權限,黃專員
INC-20260814-1961,2026-08-14 12:17:00,ees,帳號與權限,Fab 14A,Tool-60,權限開通申請,廠端新進作業員申請基礎檢視權限,陳技術員
INC-20260814-1962,2026-08-14 20:43:00,ees,零件壽命,Fab 18,Tool-34,Parts 壽命計數未重置,更換消耗性零件後，EES 介面仍顯示壽命過期警告,王作業員
INC-20260814-1963,2026-08-14 19:11:00,tcs/tap,設備通訊,Fab 15,General,Load Port 載入訊號延遲,OHT 天車放置晶圓盒後，TAP 交握訊號延遲約 10 秒,黃專員
INC-20260814-1964,2026-08-14 09:00:00,tcs/tap,系統效能,Fab 12A,Tool-97,主機回應微幅延遲,尖峰排程時段 TCS 主機反應時間稍有波動,劉工程師
INC-20260814-1965,2026-08-14 13:14:00,tcs/tap,設備通訊,Fab 14A,General,Load Port 載入訊號延遲,OHT 天車放置晶圓盒後，TAP 交握訊號延遲約 10 秒,李副理
INC-20260814-1966,2026-08-14 09:03:00,fdc,感測器異常,Fab 15,Tool-25,Sensor 取樣頻率異常,偵測到單一 Sensor SVID 採樣週期跳動，已通知設備檢查,王作業員
INC-20260814-1967,2026-08-14 17:08:00,fdc,腔體警報,Fab 18,Tool-92,腔體壓力單點警報,腔體即時壓力短暫碰觸 UCL 邊界，隨後恢復正常,劉工程師
INC-20260814-1968,2026-08-14 09:44:00,fdc,感測器異常,Fab 14A,General,Sensor 取樣頻率異常,偵測到單一 Sensor SVID 採樣週期跳動，已通知設備檢查,張組長
INC-20260814-1969,2026-08-14 15:59:00,others,帳號與權限,Fab 14B,Tool-95,新帳號權限開通,廠端新進作業員申請基礎檢視權限,李副理
INC-20260814-1970,2026-08-14 12:10:00,others,帳號與權限,Fab 14A,Tool-58,新帳號權限開通,廠端新進作業員申請基礎檢視權限,陳技術員
INC-20260814-1971,2026-08-14 13:03:00,others,帳號與權限,Fab 14A,General,密碼重設申請,工程師忘記密碼導致帳號被鎖定,李副理
INC-20260815-1972,2026-08-15 11:39:00,ees,配方管理,Fab 12B,Tool-23,Recipe 參數上傳逾時,設備工程師修改參數後上傳 EES 主機回應逾時,劉工程師
INC-20260815-1973,2026-08-15 16:49:00,ees,帳號與權限,Fab 12B,Tool-23,權限開通申請,廠端新進作業員申請基礎檢視權限,劉工程師
INC-20260815-1974,2026-08-15 12:06:00,tcs/tap,報表與查詢,Fab 12A,General,搬運歷史紀錄匯出,工程師申請匯出昨日 OHT 搬運統計報表,林工程師
INC-20260815-1975,2026-08-15 12:49:00,tcs/tap,報表與查詢,Fab 12A,Tool-29,搬運歷史紀錄匯出,工程師申請匯出昨日 OHT 搬運統計報表,趙技術員
INC-20260815-1976,2026-08-15 18:00:00,tcs/tap,派工作業,Fab 18,General,單一機台派工等待,機台換批時派工佇列稍有延遲，重整後已正常,林工程師
INC-20260815-1977,2026-08-15 13:57:00,fdc,資料採集,Fab 15,General,Log 傳輸佇列累積,短暫網路震盪導致 FDC Log 採集有 30 秒延遲,劉工程師
INC-20260815-1978,2026-08-15 15:27:00,fdc,腔體警報,Fab 18,Tool-18,腔體壓力單點警報,腔體即時壓力短暫碰觸 UCL 邊界，隨後恢復正常,劉工程師
INC-20260815-1979,2026-08-15 08:24:00,fdc,模型維護,Fab 12A,Tool-55,模型微調通知,例行性 FDC 演算法閾值微調驗證,趙技術員
INC-20260815-1980,2026-08-15 12:25:00,others,帳號與權限,Fab 18,Tool-92,密碼重設申請,工程師忘記密碼導致帳號被鎖定,林工程師
INC-20260815-1981,2026-08-15 13:34:00,others,週邊設備,Fab 12A,Tool-47,印表機連線異常,標籤列印機無法收到網路列印指令,黃專員
INC-20260815-1982,2026-08-15 11:11:00,others,週邊設備,Fab 14B,Tool-48,印表機連線異常,標籤列印機無法收到網路列印指令,林工程師
INC-20260816-1983,2026-08-16 09:40:00,ees,帳號與權限,Fab 14B,General,權限開通申請,廠端新進作業員申請基礎檢視權限,黃專員
INC-20260816-1984,2026-08-16 19:12:00,ees,配方管理,Fab 12A,General,Recipe 參數上傳逾時,設備工程師修改參數後上傳 EES 主機回應逾時,張組長
INC-20260816-1985,2026-08-16 14:04:00,tcs/tap,設備通訊,Fab 14B,Tool-67,Load Port 載入訊號延遲,OHT 天車放置晶圓盒後，TAP 交握訊號延遲約 10 秒,李副理
INC-20260816-1986,2026-08-16 08:21:00,tcs/tap,系統效能,Fab 14A,Tool-15,主機回應微幅延遲,尖峰排程時段 TCS 主機反應時間稍有波動,林工程師
INC-20260816-1987,2026-08-16 11:51:00,fdc,腔體警報,Fab 18,Tool-78,腔體壓力單點警報,腔體即時壓力短暫碰觸 UCL 邊界，隨後恢復正常,趙技術員
INC-20260816-1988,2026-08-16 17:14:00,others,週邊設備,Fab 12A,Tool-72,印表機連線異常,標籤列印機無法收到網路列印指令,陳技術員
INC-20260816-1989,2026-08-16 08:30:00,others,帳號與權限,Fab 12B,Tool-26,密碼重設申請,工程師忘記密碼導致帳號被鎖定,林工程師
INC-20260816-1990,2026-08-16 10:40:00,others,帳號與權限,Fab 14A,Tool-22,新帳號權限開通,廠端新進作業員申請基礎檢視權限,林工程師
INC-20260817-1991,2026-08-17 10:53:00,ees,配方管理,Fab 12A,General,Recipe 參數上傳逾時,設備工程師修改參數後上傳 EES 主機回應逾時,陳技術員
INC-20260817-1992,2026-08-17 09:51:00,ees,帳號與權限,Fab 14B,General,權限開通申請,廠端新進作業員申請基礎檢視權限,王作業員
INC-20260817-1993,2026-08-17 13:07:00,ees,PM保養,Fab 14A,Tool-37,PM 保養工單結案失敗,機台完成年度 PM 後，於 EES 點選完工無法同步更新狀態,張組長
INC-20260817-1994,2026-08-17 10:21:00,tcs/tap,系統效能,Fab 12A,General,主機回應微幅延遲,尖峰排程時段 TCS 主機反應時間稍有波動,陳技術員
INC-20260817-1995,2026-08-17 10:44:00,tcs/tap,派工作業,Fab 15,General,單一機台派工等待,機台換批時派工佇列稍有延遲，重整後已正常,黃專員
INC-20260817-1996,2026-08-17 17:02:00,tcs/tap,帳號與權限,Fab 12A,Tool-90,操作員權限異動,作業員請假交接，暫時調整 TAP 機台控制權限,張組長
INC-20260817-1997,2026-08-17 20:10:00,fdc,感測器異常,Fab 14B,General,Sensor 取樣頻率異常,偵測到單一 Sensor SVID 採樣週期跳動，已通知設備檢查,林工程師
INC-20260817-1998,2026-08-17 10:59:00,fdc,資料採集,Fab 18,Tool-46,Log 傳輸佇列累積,短暫網路震盪導致 FDC Log 採集有 30 秒延遲,陳技術員
INC-20260817-1999,2026-08-17 20:50:00,others,帳號與權限,Fab 18,General,密碼重設申請,工程師忘記密碼導致帳號被鎖定,趙技術員
INC-20260817-2000,2026-08-17 18:17:00,others,帳號與權限,Fab 14B,General,密碼重設申請,工程師忘記密碼導致帳號被鎖定,趙技術員
INC-20260817-2001,2026-08-17 17:44:00,others,帳號與權限,Fab 15,General,新帳號權限開通,廠端新進作業員申請基礎檢視權限,林工程師
INC-20260818-2002,2026-08-18 09:40:00,ees,配方管理,Fab 14A,Tool-81,Recipe 參數上傳逾時,設備工程師修改參數後上傳 EES 主機回應逾時,李副理
INC-20260818-2003,2026-08-18 11:07:00,ees,配方管理,Fab 15,General,Recipe 參數上傳逾時,設備工程師修改參數後上傳 EES 主機回應逾時,陳技術員
INC-20260818-2004,2026-08-18 15:49:00,ees,PM保養,Fab 14A,General,PM 保養工單結案失敗,機台完成年度 PM 後，於 EES 點選完工無法同步更新狀態,王作業員
INC-20260818-2005,2026-08-18 18:54:00,tcs/tap,報表與查詢,Fab 14B,General,搬運歷史紀錄匯出,工程師申請匯出昨日 OHT 搬運統計報表,趙技術員
INC-20260818-2006,2026-08-18 08:41:00,fdc,模型維護,Fab 14A,General,模型微調通知,例行性 FDC 演算法閾值微調驗證,黃專員
INC-20260818-2007,2026-08-18 17:51:00,others,帳號與權限,Fab 12A,General,密碼重設申請,工程師忘記密碼導致帳號被鎖定,趙技術員
INC-20260818-2008,2026-08-18 16:11:00,others,帳號與權限,Fab 12A,Tool-24,密碼重設申請,工程師忘記密碼導致帳號被鎖定,張組長
INC-20260819-2009,2026-08-19 19:28:00,ees,零件壽命,Fab 14B,General,Parts 壽命計數未重置,更換消耗性零件後，EES 介面仍顯示壽命過期警告,黃專員
INC-20260819-2010,2026-08-19 20:07:00,tcs/tap,報表與查詢,Fab 12B,General,搬運歷史紀錄匯出,工程師申請匯出昨日 OHT 搬運統計報表,黃專員
INC-20260819-2011,2026-08-19 11:24:00,fdc,感測器異常,Fab 12A,Tool-72,Sensor 取樣頻率異常,偵測到單一 Sensor SVID 採樣週期跳動，已通知設備檢查,王作業員
INC-20260819-2012,2026-08-19 14:09:00,fdc,模型維護,Fab 15,Tool-59,模型微調通知,例行性 FDC 演算法閾值微調驗證,王作業員
INC-20260819-2013,2026-08-19 15:46:00,others,帳號與權限,Fab 18,General,新帳號權限開通,廠端新進作業員申請基礎檢視權限,王作業員
INC-20260820-2014,2026-08-20 13:08:00,ees,配方管理,Fab 18,Tool-45,Recipe 參數上傳逾時,設備工程師修改參數後上傳 EES 主機回應逾時,林工程師
INC-20260820-2015,2026-08-20 15:29:00,tcs/tap,自動搬運,Fab 12B,Tool-38,搬運指令確認,自動搬運系統指令重試後成功進料,劉工程師
INC-20260820-2016,2026-08-20 10:50:00,fdc,感測器異常,Fab 15,Tool-39,Sensor 取樣頻率異常,偵測到單一 Sensor SVID 採樣週期跳動，已通知設備檢查,張組長
INC-20260820-2017,2026-08-20 14:54:00,fdc,模型維護,Fab 12B,Tool-69,模型微調通知,例行性 FDC 演算法閾值微調驗證,趙技術員
INC-20260820-2018,2026-08-20 08:46:00,fdc,模型維護,Fab 18,Tool-41,模型微調通知,例行性 FDC 演算法閾值微調驗證,劉工程師
INC-20260820-2019,2026-08-20 17:14:00,others,帳號與權限,Fab 15,Tool-63,密碼重設申請,工程師忘記密碼導致帳號被鎖定,張組長
INC-20260820-2020,2026-08-20 08:30:00,others,週邊設備,Fab 14B,Tool-71,印表機連線異常,標籤列印機無法收到網路列印指令,林工程師
INC-20260821-2021,2026-08-21 15:31:00,ees,帳號與權限,Fab 12A,Tool-11,權限開通申請,廠端新進作業員申請基礎檢視權限,王作業員
INC-20260821-2022,2026-08-21 10:22:00,tcs/tap,設備通訊,Fab 12B,Tool-21,Load Port 載入訊號延遲,OHT 天車放置晶圓盒後，TAP 交握訊號延遲約 10 秒,李副理
INC-20260821-2023,2026-08-21 18:19:00,fdc,感測器異常,Fab 18,Tool-83,Sensor 取樣頻率異常,偵測到單一 Sensor SVID 採樣週期跳動，已通知設備檢查,張組長
INC-20260821-2024,2026-08-21 15:29:00,fdc,資料採集,Fab 18,Tool-57,Log 傳輸佇列累積,短暫網路震盪導致 FDC Log 採集有 30 秒延遲,張組長
INC-20260821-2025,2026-08-21 18:00:00,others,週邊設備,Fab 14B,Tool-52,印表機連線異常,標籤列印機無法收到網路列印指令,陳技術員
INC-20260821-2026,2026-08-21 08:18:00,others,週邊設備,Fab 14A,Tool-88,印表機連線異常,標籤列印機無法收到網路列印指令,劉工程師
INC-20260821-2027,2026-08-21 17:50:00,others,帳號與權限,Fab 18,General,新帳號權限開通,廠端新進作業員申請基礎檢視權限,王作業員
INC-20260822-2028,2026-08-22 08:32:00,ees,零件壽命,Fab 12A,General,Parts 壽命計數未重置,更換消耗性零件後，EES 介面仍顯示壽命過期警告,黃專員
INC-20260822-2029,2026-08-22 15:39:00,ees,PM保養,Fab 14A,General,PM 保養工單結案失敗,機台完成年度 PM 後，於 EES 點選完工無法同步更新狀態,林工程師
INC-20260822-2030,2026-08-22 16:45:00,ees,PM保養,Fab 12B,Tool-40,PM 保養工單結案失敗,機台完成年度 PM 後，於 EES 點選完工無法同步更新狀態,王作業員
INC-20260822-2031,2026-08-22 15:47:00,tcs/tap,自動搬運,Fab 18,Tool-51,搬運指令確認,自動搬運系統指令重試後成功進料,王作業員
INC-20260822-2032,2026-08-22 12:32:00,tcs/tap,自動搬運,Fab 14A,General,搬運指令確認,自動搬運系統指令重試後成功進料,劉工程師
INC-20260822-2033,2026-08-22 13:28:00,tcs/tap,系統效能,Fab 15,Tool-25,主機回應微幅延遲,尖峰排程時段 TCS 主機反應時間稍有波動,趙技術員
INC-20260822-2034,2026-08-22 16:43:00,fdc,感測器異常,Fab 14B,Tool-96,Sensor 取樣頻率異常,偵測到單一 Sensor SVID 採樣週期跳動，已通知設備檢查,李副理
INC-20260822-2035,2026-08-22 11:57:00,fdc,腔體警報,Fab 12A,General,腔體壓力單點警報,腔體即時壓力短暫碰觸 UCL 邊界，隨後恢復正常,趙技術員
INC-20260822-2036,2026-08-22 12:04:00,fdc,腔體警報,Fab 12B,General,腔體壓力單點警報,腔體即時壓力短暫碰觸 UCL 邊界，隨後恢復正常,陳技術員
INC-20260822-2037,2026-08-22 10:55:00,others,帳號與權限,Fab 15,Tool-12,新帳號權限開通,廠端新進作業員申請基礎檢視權限,王作業員
INC-20260822-2038,2026-08-22 14:43:00,others,帳號與權限,Fab 14B,General,新帳號權限開通,廠端新進作業員申請基礎檢視權限,張組長
INC-20260823-2039,2026-08-23 18:01:00,ees,配方管理,Fab 12B,General,Recipe 參數上傳逾時,設備工程師修改參數後上傳 EES 主機回應逾時,李副理
INC-20260823-2040,2026-08-23 16:41:00,ees,零件壽命,Fab 14B,Tool-93,Parts 壽命計數未重置,更換消耗性零件後，EES 介面仍顯示壽命過期警告,黃專員
INC-20260823-2041,2026-08-23 15:37:00,ees,配方管理,Fab 14B,General,Recipe 參數上傳逾時,設備工程師修改參數後上傳 EES 主機回應逾時,趙技術員
INC-20260823-2042,2026-08-23 10:50:00,tcs/tap,設備通訊,Fab 12B,Tool-46,Load Port 載入訊號延遲,OHT 天車放置晶圓盒後，TAP 交握訊號延遲約 10 秒,李副理
INC-20260823-2043,2026-08-23 10:22:00,tcs/tap,派工作業,Fab 14B,Tool-89,單一機台派工等待,機台換批時派工佇列稍有延遲，重整後已正常,李副理
INC-20260823-2044,2026-08-23 16:18:00,fdc,腔體警報,Fab 12B,Tool-98,腔體壓力單點警報,腔體即時壓力短暫碰觸 UCL 邊界，隨後恢復正常,張組長
INC-20260823-2045,2026-08-23 10:15:00,fdc,腔體警報,Fab 12A,Tool-83,腔體壓力單點警報,腔體即時壓力短暫碰觸 UCL 邊界，隨後恢復正常,陳技術員
INC-20260823-2046,2026-08-23 15:16:00,fdc,感測器異常,Fab 12B,General,Sensor 取樣頻率異常,偵測到單一 Sensor SVID 採樣週期跳動，已通知設備檢查,黃專員
INC-20260823-2047,2026-08-23 13:22:00,others,週邊設備,Fab 14A,Tool-30,印表機連線異常,標籤列印機無法收到網路列印指令,張組長
INC-20260823-2048,2026-08-23 12:07:00,others,帳號與權限,Fab 14B,Tool-28,新帳號權限開通,廠端新進作業員申請基礎檢視權限,林工程師
INC-20260823-2049,2026-08-23 13:09:00,others,帳號與權限,Fab 18,Tool-74,新帳號權限開通,廠端新進作業員申請基礎檢視權限,林工程師
INC-20260824-2050,2026-08-24 19:18:00,ees,配方管理,Fab 14A,Tool-83,Recipe 參數上傳逾時,設備工程師修改參數後上傳 EES 主機回應逾時,趙技術員
INC-20260824-2051,2026-08-24 20:36:00,ees,PM保養,Fab 14A,Tool-71,PM 保養工單結案失敗,機台完成年度 PM 後，於 EES 點選完工無法同步更新狀態,趙技術員
INC-20260824-2052,2026-08-24 10:43:00,ees,配方管理,Fab 14A,General,Recipe 參數上傳逾時,設備工程師修改參數後上傳 EES 主機回應逾時,陳技術員
INC-20260824-2053,2026-08-24 13:05:00,tcs/tap,設備通訊,Fab 12A,Track-03,Track-03 連線中斷,機台軟體跳出與 TCS/TAP 主機中斷連線，重啟後依然無法連上,黃專員
INC-20260824-2054,2026-08-24 17:33:00,tcs/tap,資料過帳,Fab 12A,Track-03,Fab12A 批次過帳失敗,Track-03 派工作業異常中斷，畫面上顯示 Remote Host Closed Connection,王作業員
INC-20260824-2055,2026-08-24 11:01:00,tcs/tap,設備通訊,Fab 12A,Track-03,現場緊急呼叫,Fab 12A 黃光區 Track-03 機台無法進料，請盡速派員確認網路或主機連線,陳技術員
INC-20260824-2056,2026-08-24 18:42:00,tcs/tap,自動搬運,Fab 14B,General,搬運指令確認,自動搬運系統指令重試後成功進料,陳技術員
INC-20260824-2057,2026-08-24 17:38:00,tcs/tap,報表與查詢,Fab 14A,General,搬運歷史紀錄匯出,工程師申請匯出昨日 OHT 搬運統計報表,林工程師
INC-20260824-2058,2026-08-24 14:23:00,tcs/tap,資料過帳,Fab 12A,Track-03,Fab12A 批次過帳失敗,Track-03 派工作業異常中斷，畫面上顯示 Remote Host Closed Connection,劉工程師
INC-20260824-2059,2026-08-24 13:22:00,tcs/tap,報表與查詢,Fab 15,General,搬運歷史紀錄匯出,工程師申請匯出昨日 OHT 搬運統計報表,李副理
INC-20260824-2060,2026-08-24 15:47:00,tcs/tap,資料過帳,Fab 12A,Track-03,Fab12A 批次過帳失敗,Track-03 派工作業異常中斷，畫面上顯示 Remote Host Closed Connection,劉工程師
INC-20260824-2061,2026-08-24 10:51:00,tcs/tap,配方管理,Fab 12A,Track-03,配方下載逾時,Track-03 準備跑新批次時，TAP 下載 Recipe 失敗，顯示網路逾時,劉工程師
INC-20260824-2062,2026-08-24 10:53:00,tcs/tap,資料過帳,Fab 12A,Track-03,Fab12A 批次過帳失敗,Track-03 派工作業異常中斷，畫面上顯示 Remote Host Closed Connection,陳技術員
INC-20260824-2063,2026-08-24 15:55:00,tcs/tap,配方管理,Fab 12A,Track-03,配方下載逾時,Track-03 準備跑新批次時，TAP 下載 Recipe 失敗，顯示網路逾時,黃專員
INC-20260824-2064,2026-08-24 09:00:00,tcs/tap,資料過帳,Fab 12A,Track-03,Fab12A 批次過帳失敗,Track-03 派工作業異常中斷，畫面上顯示 Remote Host Closed Connection,劉工程師
INC-20260824-2065,2026-08-24 14:11:00,tcs/tap,派工作業,Fab 12A,Track-03,機台卡站無法下線,Fab 12A Track-03 機台生產完畢後無法回傳結果至 TCS/TAP，已卡站 20 分鐘,趙技術員
INC-20260824-2066,2026-08-24 11:11:00,tcs/tap,設備通訊,Fab 12A,Track-03,現場緊急呼叫,Fab 12A 黃光區 Track-03 機台無法進料，請盡速派員確認網路或主機連線,劉工程師
INC-20260824-2067,2026-08-24 08:52:00,tcs/tap,資料過帳,Fab 12A,Track-03,Fab12A 批次過帳失敗,Track-03 派工作業異常中斷，畫面上顯示 Remote Host Closed Connection,李副理
INC-20260824-2068,2026-08-24 15:35:00,tcs/tap,派工作業,Fab 12A,Track-03,Track-03 派工通訊中斷,現場反映 Fab 12A 的 Track-03 機台按 Dispatch 沒有反應，卡在通訊等待狀態,趙技術員
INC-20260824-2069,2026-08-24 10:16:00,tcs/tap,報表與查詢,Fab 18,Tool-93,搬運歷史紀錄匯出,工程師申請匯出昨日 OHT 搬運統計報表,李副理
INC-20260824-2070,2026-08-24 12:26:00,tcs/tap,設備通訊,Fab 12A,Track-03,Track-03 連線中斷,機台軟體跳出與 TCS/TAP 主機中斷連線，重啟後依然無法連上,張組長
INC-20260824-2071,2026-08-24 08:07:00,tcs/tap,設備通訊,Fab 12A,Track-03,機台刷條碼無回應,Fab 12A Track-03 刷批次條碼後跳出 SECS/GEM 通訊逾時 (ERR_TIMEOUT_0x8004),李副理
INC-20260824-2072,2026-08-24 17:47:00,tcs/tap,配方管理,Fab 12A,Track-03,配方下載逾時,Track-03 準備跑新批次時，TAP 下載 Recipe 失敗，顯示網路逾時,黃專員
INC-20260824-2073,2026-08-24 12:40:00,tcs/tap,報表與查詢,Fab 12A,General,搬運歷史紀錄匯出,工程師申請匯出昨日 OHT 搬運統計報表,趙技術員
INC-20260824-2074,2026-08-24 17:01:00,tcs/tap,派工作業,Fab 12A,Track-03,Track-03 派工通訊中斷,現場反映 Fab 12A 的 Track-03 機台按 Dispatch 沒有反應，卡在通訊等待狀態,李副理
INC-20260824-2075,2026-08-24 10:20:00,tcs/tap,設備通訊,Fab 12B,General,Load Port 載入訊號延遲,OHT 天車放置晶圓盒後，TAP 交握訊號延遲約 10 秒,趙技術員
INC-20260824-2076,2026-08-24 12:23:00,tcs/tap,設備通訊,Fab 12A,Track-03,設備狀態異常鎖定,Fab 12A Track-03 設備燈號變紅，TCS 介面顯示機台處於 Invalid State,劉工程師
INC-20260824-2077,2026-08-24 12:18:00,fdc,腔體警報,Fab 15,General,腔體壓力單點警報,腔體即時壓力短暫碰觸 UCL 邊界，隨後恢復正常,陳技術員
INC-20260824-2078,2026-08-24 17:48:00,others,帳號與權限,Fab 15,General,新帳號權限開通,廠端新進作業員申請基礎檢視權限,張組長
INC-20260825-2079,2026-08-25 20:19:00,ees,PM保養,Fab 18,Tool-56,PM 保養工單結案失敗,機台完成年度 PM 後，於 EES 點選完工無法同步更新狀態,李副理
INC-20260825-2080,2026-08-25 16:37:00,ees,零件壽命,Fab 12B,General,Parts 壽命計數未重置,更換消耗性零件後，EES 介面仍顯示壽命過期警告,黃專員
INC-20260825-2081,2026-08-25 13:49:00,ees,配方管理,Fab 14B,General,Recipe 參數上傳逾時,設備工程師修改參數後上傳 EES 主機回應逾時,趙技術員
INC-20260825-2082,2026-08-25 11:09:00,tcs/tap,帳號與權限,Fab 12B,Tool-81,操作員權限異動,作業員請假交接，暫時調整 TAP 機台控制權限,王作業員
INC-20260825-2083,2026-08-25 16:54:00,fdc,感測器異常,Fab 14B,Tool-19,Sensor 取樣頻率異常,偵測到單一 Sensor SVID 採樣週期跳動，已通知設備檢查,陳技術員
INC-20260825-2084,2026-08-25 10:59:00,fdc,模型維護,Fab 14B,General,模型微調通知,例行性 FDC 演算法閾值微調驗證,林工程師
INC-20260825-2085,2026-08-25 10:52:00,fdc,腔體警報,Fab 15,Tool-53,腔體壓力單點警報,腔體即時壓力短暫碰觸 UCL 邊界，隨後恢復正常,趙技術員
INC-20260825-2086,2026-08-25 12:01:00,others,週邊設備,Fab 12B,General,印表機連線異常,標籤列印機無法收到網路列印指令,陳技術員
INC-20260825-2087,2026-08-25 10:44:00,others,帳號與權限,Fab 14A,General,密碼重設申請,工程師忘記密碼導致帳號被鎖定,王作業員
INC-20260825-2088,2026-08-25 09:27:00,others,帳號與權限,Fab 12A,General,新帳號權限開通,廠端新進作業員申請基礎檢視權限,陳技術員
